"","Code","country","century","decade","year","height.cm","year_decade","height.in"
"1",56,"Belgium","18","1","0",163.1,"1810",64.2125984251968
"2",280,"Federal Republic of Germany (until 1990)","18","1","0",167.8,"1810",66.0629921259843
"3",250,"France","18","1","0",163.9,"1810",64.5275590551181
"4",276,"Germany","18","1","0",167.8,"1810",66.0629921259843
"5",528,"Netherlands","18","1","0",166,"1810",65.3543307086614
"6",246,"Finland","18","1","0",171.9,"1810",67.6771653543307
"7",372,"Ireland","18","1","0",168,"1810",66.1417322834646
"8",578,"Norway","18","1","0",168.6,"1810",66.3779527559055
"9",826,"United Kingdom of Great Britain and Northern Ireland","18","1","0",169.7,"1810",66.8110236220472
"10",191,"Croatia","18","1","0",163.2,"1810",64.251968503937
"11",380,"Italy","18","1","0",164.1,"1810",64.6062992125984
"12",620,"Portugal","18","1","0",165.493,"1810",65.1547244094488
"13",203,"Czech Republic","18","1","0",164,"1810",64.5669291338583
"14",348,"Hungary","18","1","0",164.7,"1810",64.8425196850394
"15",643,"Russian Federation","18","1","0",159.8,"1810",62.9133858267717
"16",124,"Canada","18","1","0",171.5,"1810",67.5196850393701
"17",484,"Mexico","18","1","0",161.26,"1810",63.4881889763779
"18",32,"Argentina","18","1","0",168.8,"1810",66.4566929133858
"19",76,"Brazil","18","1","0",164.3,"1810",64.6850393700787
"20",604,"Peru","18","1","0",163.4,"1810",64.3307086614173
"21",156,"China","18","1","0",165.7,"1810",65.2362204724409
"22",360,"Indonesia","18","1","0",161.277,"1810",63.4948818897638
"23",204,"Benin","18","1","0",164.9,"1810",64.9212598425197
"24",854,"Burkina Faso","18","1","0",166.29,"1810",65.4685039370079
"25",384,"Cote d'Ivoire","18","1","0",165.1,"1810",65
"26",288,"Ghana","18","1","0",164.1,"1810",64.6062992125984
"27",624,"Guinea-Bissau","18","1","0",165.4,"1810",65.1181102362205
"28",566,"Nigeria","18","1","0",165.2,"1810",65.0393700787401
"29",686,"Senegal","18","1","0",165.4,"1810",65.1181102362205
"30",694,"Sierra Leone","18","1","0",164.682,"1810",64.8354330708661
"31",24,"Angola","18","1","0",160.5,"1810",63.1889763779528
"32",120,"Cameroon","18","1","0",165.9,"1810",65.3149606299213
"33",178,"Congo","18","1","0",163.3,"1810",64.2913385826772
"34",180,"Democratic Republic of the Congo","18","1","0",163.3,"1810",64.2913385826772
"35",266,"Gabon","18","1","0",165.4,"1810",65.1181102362205
"36",508,"Mozambique","18","1","0",164.1,"1810",64.6062992125984
"37",40,"Austria","18","2","0",163.7,"1820",64.4488188976378
"38",56,"Belgium","18","2","0",163.7,"1820",64.4488188976378
"39",280,"Federal Republic of Germany (until 1990)","18","2","0",167.3,"1820",65.8661417322835
"40",250,"France","18","2","0",163.9,"1820",64.5275590551181
"41",276,"Germany","18","2","0",167.3,"1820",65.8661417322835
"42",528,"Netherlands","18","2","0",165.1,"1820",65
"43",756,"Switzerland","18","2","0",167.6,"1820",65.9842519685039
"44",208,"Denmark","18","2","0",166.95,"1820",65.7283464566929
"45",246,"Finland","18","2","0",170.05,"1820",66.9488188976378
"46",372,"Ireland","18","2","0",165.4,"1820",65.1181102362205
"47",578,"Norway","18","2","0",167.5,"1820",65.9448818897638
"48",826,"United Kingdom of Great Britain and Northern Ireland","18","2","0",169.1,"1820",66.5748031496063
"49",191,"Croatia","18","2","0",163.6,"1820",64.4094488188976
"50",380,"Italy","18","2","0",165.8,"1820",65.2755905511811
"51",620,"Portugal","18","2","0",166.338,"1820",65.4874015748031
"52",203,"Czech Republic","18","2","0",163,"1820",64.1732283464567
"53",348,"Hungary","18","2","0",164.3,"1820",64.6850393700787
"54",643,"Russian Federation","18","2","0",162.1,"1820",63.8188976377953
"55",804,"Ukraine","18","2","0",164.1,"1820",64.6062992125984
"56",124,"Canada","18","2","0",171.5,"1820",67.5196850393701
"57",840,"United States of America","18","2","0",172.2,"1820",67.7952755905512
"58",484,"Mexico","18","2","0",160.36,"1820",63.1338582677165
"59",32,"Argentina","18","2","0",169.9,"1820",66.8897637795276
"60",76,"Brazil","18","2","0",164.3,"1820",64.6850393700787
"61",604,"Peru","18","2","0",162.6,"1820",64.0157480314961
"62",156,"China","18","2","0",165.8,"1820",65.2755905511811
"63",854,"Burkina Faso","18","2","0",165.36,"1820",65.1023622047244
"64",566,"Nigeria","18","2","0",162.239,"1820",63.8736220472441
"65",694,"Sierra Leone","18","2","0",162.16,"1820",63.8425196850394
"66",40,"Austria","18","3","0",163.4,"1830",64.3307086614173
"67",56,"Belgium","18","3","0",164,"1830",64.5669291338583
"68",280,"Federal Republic of Germany (until 1990)","18","3","0",166.8,"1830",65.6692913385827
"69",250,"France","18","3","0",164,"1830",64.5669291338583
"70",276,"Germany","18","3","0",166.8,"1830",65.6692913385827
"71",528,"Netherlands","18","3","0",164.2,"1830",64.6456692913386
"72",756,"Switzerland","18","3","0",166.3,"1830",65.4724409448819
"73",208,"Denmark","18","3","0",165.4,"1830",65.1181102362205
"74",246,"Finland","18","3","0",169.5,"1830",66.7322834645669
"75",372,"Ireland","18","3","0",168.1,"1830",66.1811023622047
"76",578,"Norway","18","3","0",168.9,"1830",66.496062992126
"77",752,"Sweden","18","3","0",168.1,"1830",66.1811023622047
"78",826,"United Kingdom of Great Britain and Northern Ireland","18","3","0",166.7,"1830",65.6299212598425
"79",191,"Croatia","18","3","0",163.5,"1830",64.3700787401575
"80",380,"Italy","18","3","0",164.1,"1830",64.6062992125984
"81",620,"Portugal","18","3","0",165.292,"1830",65.0755905511811
"82",724,"Spain","18","3","0",161,"1830",63.3858267716535
"83",203,"Czech Republic","18","3","0",163.5,"1830",64.3700787401575
"84",348,"Hungary","18","3","0",164.1,"1830",64.6062992125984
"85",643,"Russian Federation","18","3","0",163,"1830",64.1732283464567
"86",804,"Ukraine","18","3","0",164.8,"1830",64.8818897637795
"87",124,"Canada","18","3","0",171.5,"1830",67.5196850393701
"88",840,"United States of America","18","3","0",173.5,"1830",68.3070866141732
"89",484,"Mexico","18","3","0",160.36,"1830",63.1338582677165
"90",32,"Argentina","18","3","0",170.9,"1830",67.2834645669291
"91",76,"Brazil","18","3","0",164.8,"1830",64.8818897637795
"92",604,"Peru","18","3","0",162.5,"1830",63.9763779527559
"93",156,"China","18","3","0",165.8,"1830",65.2755905511811
"94",704,"Viet Nam","18","3","0",157.9,"1830",62.1653543307087
"95",854,"Burkina Faso","18","3","0",166.72,"1830",65.6377952755905
"96",40,"Austria","18","4","0",164.8,"1840",64.8818897637795
"97",56,"Belgium","18","4","0",165.1,"1840",65
"98",280,"Federal Republic of Germany (until 1990)","18","4","0",166.6,"1840",65.5905511811024
"99",250,"France","18","4","0",164.3,"1840",64.6850393700787
"100",276,"Germany","18","4","0",166.6,"1840",65.5905511811024
"101",528,"Netherlands","18","4","0",164.5,"1840",64.7637795275591
"102",233,"Estonia","18","4","0",166.7,"1840",65.6299212598425
"103",372,"Ireland","18","4","0",160.9,"1840",63.3464566929134
"104",428,"Latvia","18","4","0",166.5,"1840",65.5511811023622
"105",440,"Lithuania","18","4","0",165.3,"1840",65.0787401574803
"106",578,"Norway","18","4","0",168,"1840",66.1417322834646
"107",752,"Sweden","18","4","0",167.9,"1840",66.1023622047244
"108",826,"United Kingdom of Great Britain and Northern Ireland","18","4","0",166.5,"1840",65.5511811023622
"109",191,"Croatia","18","4","0",161.2,"1840",63.4645669291339
"110",380,"Italy","18","4","0",162,"1840",63.7795275590551
"111",620,"Portugal","18","4","0",163.539,"1840",64.3854330708661
"112",724,"Spain","18","4","0",163.7,"1840",64.4488188976378
"113",112,"Belarus","18","4","0",163.9,"1840",64.5275590551181
"114",203,"Czech Republic","18","4","0",164.8,"1840",64.8818897637795
"115",348,"Hungary","18","4","0",164,"1840",64.5669291338583
"116",616,"Poland","18","4","0",163.1,"1840",64.2125984251968
"117",498,"Republic of Moldova","18","4","0",165.1,"1840",65
"118",642,"Romania","18","4","0",164,"1840",64.5669291338583
"119",643,"Russian Federation","18","4","0",164.2,"1840",64.6456692913386
"120",804,"Ukraine","18","4","0",164.1,"1840",64.6062992125984
"121",124,"Canada","18","4","0",170.4,"1840",67.0866141732283
"122",840,"United States of America","18","4","0",172.2,"1840",67.7952755905512
"123",484,"Mexico","18","4","0",162.5,"1840",63.9763779527559
"124",32,"Argentina","18","4","0",169.6,"1840",66.7716535433071
"125",76,"Brazil","18","4","0",164.6,"1840",64.8031496062992
"126",604,"Peru","18","4","0",161.3,"1840",63.503937007874
"127",356,"India","18","4","0",160.304,"1840",63.111811023622
"128",586,"Pakistan","18","4","0",165.1,"1840",65
"129",156,"China","18","4","0",166.2,"1840",65.4330708661417
"130",116,"Cambodia","18","4","0",161.6,"1840",63.6220472440945
"131",360,"Indonesia","18","4","0",160.352,"1840",63.1307086614173
"132",418,"Lao People's Democratic Republic","18","4","0",159.6,"1840",62.8346456692913
"133",458,"Malaysia","18","4","0",159.3,"1840",62.7165354330709
"134",704,"Viet Nam","18","4","0",157.5,"1840",62.007874015748
"135",268,"Georgia","18","4","0",165.5,"1840",65.1574803149606
"136",398,"Kazakhstan","18","4","0",165.3,"1840",65.0787401574803
"137",854,"Burkina Faso","18","4","0",162.59,"1840",64.011811023622
"138",40,"Austria","18","5","0",165.8,"1850",65.2755905511811
"139",56,"Belgium","18","5","0",166.1,"1850",65.3937007874016
"140",280,"Federal Republic of Germany (until 1990)","18","5","0",163.8,"1850",64.488188976378
"141",250,"France","18","5","0",165.2,"1850",65.0393700787401
"142",276,"Germany","18","5","0",163.8,"1850",64.488188976378
"143",528,"Netherlands","18","5","0",165.3,"1850",65.0787401574803
"144",208,"Denmark","18","5","0",167.4,"1850",65.9055118110236
"145",578,"Norway","18","5","0",169.1,"1850",66.5748031496063
"146",752,"Sweden","18","5","0",168.4,"1850",66.2992125984252
"147",826,"United Kingdom of Great Britain and Northern Ireland","18","5","0",165.6,"1850",65.1968503937008
"148",191,"Croatia","18","5","0",168.1,"1850",66.1811023622047
"149",380,"Italy","18","5","0",162.9,"1850",64.1338582677165
"150",620,"Portugal","18","5","0",164.16,"1850",64.6299212598425
"151",688,"Serbia","18","5","0",166.2,"1850",65.4330708661417
"152",891,"Serbia and Montenegro (until 2006)","18","5","0",166.2,"1850",65.4330708661417
"153",724,"Spain","18","5","0",162.5,"1850",63.9763779527559
"154",203,"Czech Republic","18","5","0",165.5,"1850",65.1574803149606
"155",200,"Czechoslovakia (until 1993)","18","5","0",166.2,"1850",65.4330708661417
"156",348,"Hungary","18","5","0",163.7,"1850",64.4488188976378
"157",642,"Romania","18","5","0",163.4,"1850",64.3307086614173
"158",643,"Russian Federation","18","5","0",163.4,"1850",64.3307086614173
"159",703,"Slovakia","18","5","0",164.1,"1850",64.6062992125984
"160",804,"Ukraine","18","5","0",163.1,"1850",64.2125984251968
"161",124,"Canada","18","5","0",172.466,"1850",67.9
"162",840,"United States of America","18","5","0",171.1,"1850",67.3622047244095
"163",484,"Mexico","18","5","0",163.4,"1850",64.3307086614173
"164",32,"Argentina","18","5","0",168.2,"1850",66.2204724409449
"165",76,"Brazil","18","5","0",164.5,"1850",64.7637795275591
"166",604,"Peru","18","5","0",161.8,"1850",63.7007874015748
"167",53,"Australia and New Zealand","18","5","0",170,"1850",66.9291338582677
"168",36,"Australia","18","5","0",170,"1850",66.9291338582677
"169",50,"Bangladesh","18","5","0",161.807,"1850",63.7035433070866
"170",356,"India","18","5","0",161.823,"1850",63.709842519685
"171",364,"Iran (Islamic Republic of)","18","5","0",165.33,"1850",65.0905511811024
"172",586,"Pakistan","18","5","0",162,"1850",63.7795275590551
"173",156,"China","18","5","0",166.2,"1850",65.4330708661417
"174",116,"Cambodia","18","5","0",163.2,"1850",64.251968503937
"175",360,"Indonesia","18","5","0",160.58,"1850",63.2204724409449
"176",418,"Lao People's Democratic Republic","18","5","0",160,"1850",62.992125984252
"177",104,"Myanmar","18","5","0",161.1,"1850",63.4251968503937
"178",704,"Viet Nam","18","5","0",158.4,"1850",62.3622047244095
"179",51,"Armenia","18","5","0",169.324,"1850",66.6629921259843
"180",31,"Azerbaijan","18","5","0",170.185,"1850",67.001968503937
"181",376,"Israel","18","5","0",169.06,"1850",66.5590551181102
"182",422,"Lebanon","18","5","0",166.45,"1850",65.5314960629921
"183",760,"Syrian Arab Republic","18","5","0",166.34,"1850",65.488188976378
"184",792,"Turkey","18","5","0",168.66,"1850",66.4015748031496
"185",886,"Yemen (until 1990)","18","5","0",162.26,"1850",63.8818897637795
"186",887,"Yemen","18","5","0",162.26,"1850",63.8818897637795
"187",398,"Kazakhstan","18","5","0",164.6,"1850",64.8031496062992
"188",818,"Egypt","18","5","0",166.35,"1850",65.492125984252
"189",384,"Cote d'Ivoire","18","5","0",170.523,"1850",67.1350393700787
"190",466,"Mali","18","5","0",166.467,"1850",65.538188976378
"191",178,"Congo","18","5","0",167.605,"1850",65.9862204724409
"192",40,"Austria","18","6","0",166.4,"1860",65.511811023622
"193",56,"Belgium","18","6","0",166.6,"1860",65.5905511811024
"194",280,"Federal Republic of Germany (until 1990)","18","6","0",165.5,"1860",65.1574803149606
"195",250,"France","18","6","0",165.4,"1860",65.1181102362205
"196",276,"Germany","18","6","0",165.5,"1860",65.1574803149606
"197",528,"Netherlands","18","6","0",166.5,"1860",65.5511811023622
"198",208,"Denmark","18","6","0",168.1,"1860",66.1811023622047
"199",246,"Finland","18","6","0",167.3,"1860",65.8661417322835
"200",578,"Norway","18","6","0",169.7,"1860",66.8110236220472
"201",752,"Sweden","18","6","0",169.3,"1860",66.6535433070866
"202",826,"United Kingdom of Great Britain and Northern Ireland","18","6","0",166.6,"1860",65.5905511811024
"203",191,"Croatia","18","6","0",165.9,"1860",65.3149606299213
"204",380,"Italy","18","6","0",163.1,"1860",64.2125984251968
"205",620,"Portugal","18","6","0",164.066,"1860",64.5929133858268
"206",724,"Spain","18","6","0",162.7,"1860",64.0551181102362
"207",203,"Czech Republic","18","6","0",166,"1860",65.3543307086614
"208",348,"Hungary","18","6","0",165.3,"1860",65.0787401574803
"209",616,"Poland","18","6","0",165.5,"1860",65.1574803149606
"210",642,"Romania","18","6","0",164.1,"1860",64.6062992125984
"211",643,"Russian Federation","18","6","0",163.3,"1860",64.2913385826772
"212",703,"Slovakia","18","6","0",163.5,"1860",64.3700787401575
"213",124,"Canada","18","6","0",172,"1860",67.7165354330709
"214",840,"United States of America","18","6","0",170.6,"1860",67.1653543307087
"215",484,"Mexico","18","6","0",162.9,"1860",64.1338582677165
"216",32,"Argentina","18","6","0",167.4,"1860",65.9055118110236
"217",76,"Brazil","18","6","0",165,"1860",64.9606299212598
"218",604,"Peru","18","6","0",161.7,"1860",63.6614173228346
"219",53,"Australia and New Zealand","18","6","0",170.6,"1860",67.1653543307087
"220",36,"Australia","18","6","0",170.6,"1860",67.1653543307087
"221",554,"New Zealand","18","6","0",172.4,"1860",67.8740157480315
"222",50,"Bangladesh","18","6","0",162.346,"1860",63.9157480314961
"223",356,"India","18","6","0",162.979,"1860",64.1649606299213
"224",586,"Pakistan","18","6","0",164.6,"1860",64.8031496062992
"225",156,"China","18","6","0",165.7,"1860",65.2362204724409
"226",116,"Cambodia","18","6","0",164.9,"1860",64.9212598425197
"227",360,"Indonesia","18","6","0",160.43,"1860",63.1614173228346
"228",418,"Lao People's Democratic Republic","18","6","0",159,"1860",62.5984251968504
"229",458,"Malaysia","18","6","0",161,"1860",63.3858267716535
"230",104,"Myanmar","18","6","0",164,"1860",64.5669291338583
"231",608,"Philippines","18","6","0",155,"1860",61.0236220472441
"232",764,"Thailand","18","6","0",160.1,"1860",63.0314960629921
"233",704,"Viet Nam","18","6","0",158.3,"1860",62.3228346456693
"234",51,"Armenia","18","6","0",167.62,"1860",65.992125984252
"235",31,"Azerbaijan","18","6","0",170.816,"1860",67.2503937007874
"236",196,"Cyprus","18","6","0",168.783,"1860",66.45
"237",268,"Georgia","18","6","0",163,"1860",64.1732283464567
"238",376,"Israel","18","6","0",168.85,"1860",66.4763779527559
"239",422,"Lebanon","18","6","0",167.16,"1860",65.8110236220472
"240",760,"Syrian Arab Republic","18","6","0",167.98,"1860",66.1338582677165
"241",792,"Turkey","18","6","0",169.06,"1860",66.5590551181102
"242",886,"Yemen (until 1990)","18","6","0",161.12,"1860",63.4330708661417
"243",887,"Yemen","18","6","0",161.12,"1860",63.4330708661417
"244",762,"Tajikistan","18","6","0",165,"1860",64.9606299212598
"245",818,"Egypt","18","6","0",167.69,"1860",66.0196850393701
"246",288,"Ghana","18","6","0",167.757,"1860",66.046062992126
"247",686,"Senegal","18","6","0",172.545,"1860",67.9311023622047
"248",768,"Togo","18","6","0",165.345,"1860",65.0964566929134
"249",120,"Cameroon","18","6","0",165.145,"1860",65.0177165354331
"250",178,"Congo","18","6","0",166.043,"1860",65.3712598425197
"251",232,"Eritrea","18","6","0",166.282,"1860",65.4653543307087
"252",230,"Ethiopia (until 1993)","18","6","0",169.3,"1860",66.6535433070866
"253",231,"Ethiopia (from 1993)","18","6","0",169.3,"1860",66.6535433070866
"254",450,"Madagascar","18","6","0",163.918,"1860",64.5346456692913
"255",40,"Austria","18","7","0",167.2,"1870",65.8267716535433
"256",56,"Belgium","18","7","0",166.6,"1870",65.5905511811024
"257",280,"Federal Republic of Germany (until 1990)","18","7","0",166.9,"1870",65.7086614173228
"258",250,"France","18","7","0",165.5,"1870",65.1574803149606
"259",276,"Germany","18","7","0",166.9,"1870",65.7086614173228
"260",528,"Netherlands","18","7","0",167.1,"1870",65.7874015748031
"261",756,"Switzerland","18","7","0",164.7,"1870",64.8425196850394
"262",208,"Denmark","18","7","0",168.1,"1870",66.1811023622047
"263",233,"Estonia","18","7","0",167.6,"1870",65.9842519685039
"264",372,"Ireland","18","7","0",168.45,"1870",66.3188976377953
"265",578,"Norway","18","7","0",170.4,"1870",67.0866141732283
"266",752,"Sweden","18","7","0",170.3,"1870",67.0472440944882
"267",826,"United Kingdom of Great Britain and Northern Ireland","18","7","0",167.15,"1870",65.8070866141732
"268",191,"Croatia","18","7","0",166.8,"1870",65.6692913385827
"269",300,"Greece","18","7","0",168.5,"1870",66.3385826771653
"270",380,"Italy","18","7","0",163.5,"1870",64.3700787401575
"271",620,"Portugal","18","7","0",164.688,"1870",64.8377952755906
"272",688,"Serbia","18","7","0",169.7,"1870",66.8110236220472
"273",891,"Serbia and Montenegro (until 2006)","18","7","0",169.7,"1870",66.8110236220472
"274",705,"Slovenia","18","7","0",168.3,"1870",66.259842519685
"275",724,"Spain","18","7","0",162.6,"1870",64.0157480314961
"276",203,"Czech Republic","18","7","0",167,"1870",65.748031496063
"277",200,"Czechoslovakia (until 1993)","18","7","0",169.7,"1870",66.8110236220472
"278",348,"Hungary","18","7","0",166.388,"1870",65.5070866141732
"279",616,"Poland","18","7","0",166.3,"1870",65.4724409448819
"280",642,"Romania","18","7","0",165.367,"1870",65.1051181102362
"281",643,"Russian Federation","18","7","0",165.8,"1870",65.2755905511811
"282",703,"Slovakia","18","7","0",165.1,"1870",65
"283",804,"Ukraine","18","7","0",164.6,"1870",64.8031496062992
"284",124,"Canada","18","7","0",171.2,"1870",67.4015748031496
"285",840,"United States of America","18","7","0",171.1,"1870",67.3622047244095
"286",192,"Cuba","18","7","0",167.1,"1870",65.7874015748031
"287",484,"Mexico","18","7","0",163.7,"1870",64.4488188976378
"288",32,"Argentina","18","7","0",167.6,"1870",65.9842519685039
"289",76,"Brazil","18","7","0",166.5,"1870",65.5511811023622
"290",170,"Colombia","18","7","0",161.085,"1870",63.4192913385827
"291",604,"Peru","18","7","0",161.3,"1870",63.503937007874
"292",53,"Australia and New Zealand","18","7","0",170.053,"1870",66.95
"293",36,"Australia","18","7","0",170.053,"1870",66.95
"294",554,"New Zealand","18","7","0",172.4,"1870",67.8740157480315
"295",4,"Afghanistan","18","7","0",168.4,"1870",66.2992125984252
"296",50,"Bangladesh","18","7","0",163.684,"1870",64.4425196850394
"297",356,"India","18","7","0",163.782,"1870",64.4811023622047
"298",364,"Iran (Islamic Republic of)","18","7","0",168.26,"1870",66.244094488189
"299",586,"Pakistan","18","7","0",165.2,"1870",65.0393700787401
"300",144,"Sri Lanka","18","7","0",162.5,"1870",63.9763779527559
"301",156,"China","18","7","0",165.8,"1870",65.2755905511811
"302",408,"Democratic People's Republic of Korea","18","7","0",163.41,"1870",64.3346456692913
"303",410,"Republic of Korea","18","7","0",163.41,"1870",64.3346456692913
"304",116,"Cambodia","18","7","0",159,"1870",62.5984251968504
"305",360,"Indonesia","18","7","0",158.085,"1870",62.238188976378
"306",418,"Lao People's Democratic Republic","18","7","0",159.1,"1870",62.6377952755905
"307",458,"Malaysia","18","7","0",157.2,"1870",61.8897637795276
"308",104,"Myanmar","18","7","0",161.3,"1870",63.503937007874
"309",608,"Philippines","18","7","0",159.5,"1870",62.7952755905512
"310",764,"Thailand","18","7","0",161.5,"1870",63.5826771653543
"311",704,"Viet Nam","18","7","0",158.3,"1870",62.3228346456693
"312",196,"Cyprus","18","7","0",169.778,"1870",66.8417322834646
"313",792,"Turkey","18","7","0",170.08,"1870",66.9606299212599
"314",398,"Kazakhstan","18","7","0",163.4,"1870",64.3307086614173
"315",762,"Tajikistan","18","7","0",164.8,"1870",64.8818897637795
"316",818,"Egypt","18","7","0",166.88,"1870",65.7007874015748
"317",729,"Sudan (North)","18","7","0",167.99,"1870",66.1377952755905
"318",736,"Sudan (until 2011)","18","7","0",167.99,"1870",66.1377952755905
"319",854,"Burkina Faso","18","7","0",171.2,"1870",67.4015748031496
"320",384,"Cote d'Ivoire","18","7","0",169.756,"1870",66.8330708661417
"321",324,"Guinea","18","7","0",169.885,"1870",66.8838582677165
"322",562,"Niger","18","7","0",167.298,"1870",65.8653543307087
"323",566,"Nigeria","18","7","0",165.612,"1870",65.2015748031496
"324",686,"Senegal","18","7","0",168.157,"1870",66.2035433070866
"325",120,"Cameroon","18","7","0",165.715,"1870",65.242125984252
"326",148,"Chad","18","7","0",169.793,"1870",66.8476377952756
"327",180,"Democratic Republic of the Congo","18","7","0",165.734,"1870",65.2496062992126
"328",454,"Malawi","18","7","0",166.65,"1870",65.6102362204724
"329",508,"Mozambique","18","7","0",167.05,"1870",65.7677165354331
"330",800,"Uganda","18","7","0",168.07,"1870",66.1692913385827
"331",834,"United Republic of Tanzania","18","7","0",167.769,"1870",66.0507874015748
"332",40,"Austria","18","8","0",167.7,"1880",66.0236220472441
"333",280,"Federal Republic of Germany (until 1990)","18","8","0",167.9,"1880",66.1023622047244
"334",250,"France","18","8","0",165.9,"1880",65.3149606299213
"335",276,"Germany","18","8","0",167.9,"1880",66.1023622047244
"336",528,"Netherlands","18","8","0",168.5,"1880",66.3385826771653
"337",756,"Switzerland","18","8","0",166.8,"1880",65.6692913385827
"338",208,"Denmark","18","8","0",169.5,"1880",66.7322834645669
"339",372,"Ireland","18","8","0",168.7,"1880",66.4173228346457
"340",428,"Latvia","18","8","0",170.6,"1880",67.1653543307087
"341",578,"Norway","18","8","0",171.1,"1880",67.3622047244095
"342",752,"Sweden","18","8","0",171.2,"1880",67.4015748031496
"343",826,"United Kingdom of Great Britain and Northern Ireland","18","8","0",167.95,"1880",66.1220472440945
"344",8,"Albania","18","8","0",170.1,"1880",66.9685039370079
"345",191,"Croatia","18","8","0",168.9,"1880",66.496062992126
"346",300,"Greece","18","8","0",167.26,"1880",65.8503937007874
"347",380,"Italy","18","8","0",163.9,"1880",64.5275590551181
"348",620,"Portugal","18","8","0",164.161,"1880",64.6303149606299
"349",688,"Serbia","18","8","0",167.1,"1880",65.7874015748031
"350",891,"Serbia and Montenegro (until 2006)","18","8","0",167.1,"1880",65.7874015748031
"351",724,"Spain","18","8","0",163.9,"1880",64.5275590551181
"352",100,"Bulgaria","18","8","0",167.6,"1880",65.9842519685039
"353",203,"Czech Republic","18","8","0",167.6,"1880",65.9842519685039
"354",200,"Czechoslovakia (until 1993)","18","8","0",167.1,"1880",65.7874015748031
"355",348,"Hungary","18","8","0",169.1,"1880",66.5748031496063
"356",616,"Poland","18","8","0",166.8,"1880",65.6692913385827
"357",642,"Romania","18","8","0",164.1,"1880",64.6062992125984
"358",643,"Russian Federation","18","8","0",166.6,"1880",65.5905511811024
"359",703,"Slovakia","18","8","0",165.8,"1880",65.2755905511811
"360",804,"Ukraine","18","8","0",165.4,"1880",65.1181102362205
"361",124,"Canada","18","8","0",171.2,"1880",67.4015748031496
"362",840,"United States of America","18","8","0",169.5,"1880",66.7322834645669
"363",192,"Cuba","18","8","0",166.8,"1880",65.6692913385827
"364",484,"Mexico","18","8","0",163.9,"1880",64.5275590551181
"365",32,"Argentina","18","8","0",167.565,"1880",65.9704724409449
"366",76,"Brazil","18","8","0",166.1,"1880",65.3937007874016
"367",170,"Colombia","18","8","0",162.08,"1880",63.8110236220473
"368",328,"Guyana","18","8","0",159.16,"1880",62.6614173228346
"369",604,"Peru","18","8","0",161.5,"1880",63.5826771653543
"370",858,"Uruguay","18","8","0",164.98,"1880",64.9527559055118
"371",53,"Australia and New Zealand","18","8","0",171.1,"1880",67.3622047244095
"372",36,"Australia","18","8","0",171.1,"1880",67.3622047244095
"373",554,"New Zealand","18","8","0",172.7,"1880",67.992125984252
"374",598,"Papua New Guinea","18","8","0",152.359,"1880",59.9838582677165
"375",4,"Afghanistan","18","8","0",165.69,"1880",65.2322834645669
"376",50,"Bangladesh","18","8","0",162.061,"1880",63.8035433070866
"377",356,"India","18","8","0",162.427,"1880",63.9476377952756
"378",364,"Iran (Islamic Republic of)","18","8","0",165.19,"1880",65.0354330708661
"379",524,"Nepal","18","8","0",162.433,"1880",63.95
"380",156,"China","18","8","0",165.3,"1880",65.0787401574803
"381",408,"Democratic People's Republic of Korea","18","8","0",160.1,"1880",63.0314960629921
"382",392,"Japan","18","8","0",157.79,"1880",62.1220472440945
"383",410,"Republic of Korea","18","8","0",160.1,"1880",63.0314960629921
"384",116,"Cambodia","18","8","0",161.7,"1880",63.6614173228346
"385",360,"Indonesia","18","8","0",158.58,"1880",62.4330708661417
"386",104,"Myanmar","18","8","0",160.698,"1880",63.2669291338583
"387",608,"Philippines","18","8","0",158.9,"1880",62.5590551181102
"388",764,"Thailand","18","8","0",162.3,"1880",63.8976377952756
"389",704,"Viet Nam","18","8","0",157.7,"1880",62.0866141732283
"390",196,"Cyprus","18","8","0",169.086,"1880",66.5692913385827
"391",368,"Iraq","18","8","0",168.37,"1880",66.2874015748032
"392",760,"Syrian Arab Republic","18","8","0",162.2,"1880",63.8582677165354
"393",792,"Turkey","18","8","0",167.414,"1880",65.9110236220472
"394",886,"Yemen (until 1990)","18","8","0",160.77,"1880",63.2952755905512
"395",887,"Yemen","18","8","0",160.77,"1880",63.2952755905512
"396",417,"Kyrgyzstan","18","8","0",165.26,"1880",65.0629921259843
"397",762,"Tajikistan","18","8","0",166.6,"1880",65.5905511811024
"398",818,"Egypt","18","8","0",162.99,"1880",64.1692913385827
"399",504,"Morocco","18","8","0",168.6,"1880",66.3779527559055
"400",729,"Sudan (North)","18","8","0",169.865,"1880",66.8759842519685
"401",736,"Sudan (until 2011)","18","8","0",169.865,"1880",66.8759842519685
"402",854,"Burkina Faso","18","8","0",171.463,"1880",67.5051181102362
"403",288,"Ghana","18","8","0",167.8,"1880",66.0629921259843
"404",466,"Mali","18","8","0",171.043,"1880",67.3397637795276
"405",562,"Niger","18","8","0",173,"1880",68.1102362204724
"406",566,"Nigeria","18","8","0",167.873,"1880",66.0917322834646
"407",24,"Angola","18","8","0",168.8,"1880",66.4566929133858
"408",120,"Cameroon","18","8","0",166.556,"1880",65.5732283464567
"409",140,"Central African Republic","18","8","0",167.1,"1880",65.7874015748031
"410",148,"Chad","18","8","0",168.969,"1880",66.5232283464567
"411",180,"Democratic Republic of the Congo","18","8","0",163.2,"1880",64.251968503937
"412",232,"Eritrea","18","8","0",165.342,"1880",65.0952755905512
"413",230,"Ethiopia (until 1993)","18","8","0",167.461,"1880",65.9295275590551
"414",231,"Ethiopia (from 1993)","18","8","0",167.461,"1880",65.9295275590551
"415",404,"Kenya","18","8","0",164.535,"1880",64.7775590551181
"416",706,"Somalia","18","8","0",172.75,"1880",68.011811023622
"417",800,"Uganda","18","8","0",166.311,"1880",65.4767716535433
"418",834,"United Republic of Tanzania","18","8","0",168.516,"1880",66.3448818897638
"419",40,"Austria","18","9","0",168.4,"1890",66.2992125984252
"420",280,"Federal Republic of Germany (until 1990)","18","9","0",168.6,"1890",66.3779527559055
"421",250,"France","18","9","0",166.1,"1890",65.3937007874016
"422",276,"Germany","18","9","0",168.6,"1890",66.3779527559055
"423",528,"Netherlands","18","9","0",169.4,"1890",66.6929133858268
"424",756,"Switzerland","18","9","0",170.5,"1890",67.1259842519685
"425",208,"Denmark","18","9","0",169.2,"1890",66.6141732283464
"426",233,"Estonia","18","9","0",173.4,"1890",68.2677165354331
"427",372,"Ireland","18","9","0",169.1,"1890",66.5748031496063
"428",428,"Latvia","18","9","0",171.7,"1890",67.5984251968504
"429",578,"Norway","18","9","0",171.1,"1890",67.3622047244095
"430",752,"Sweden","18","9","0",172.4,"1890",67.8740157480315
"431",826,"United Kingdom of Great Britain and Northern Ireland","18","9","0",167.4,"1890",65.9055118110236
"432",8,"Albania","18","9","0",169.8,"1890",66.8503937007874
"433",380,"Italy","18","9","0",164.7,"1890",64.8425196850394
"434",620,"Portugal","18","9","0",164.15,"1890",64.6259842519685
"435",688,"Serbia","18","9","0",168.1,"1890",66.1811023622047
"436",891,"Serbia and Montenegro (until 2006)","18","9","0",168.1,"1890",66.1811023622047
"437",724,"Spain","18","9","0",164,"1890",64.5669291338583
"438",203,"Czech Republic","18","9","0",169.783,"1890",66.8437007874016
"439",200,"Czechoslovakia (until 1993)","18","9","0",168.1,"1890",66.1811023622047
"440",616,"Poland","18","9","0",167.2,"1890",65.8267716535433
"441",643,"Russian Federation","18","9","0",168.3,"1890",66.259842519685
"442",124,"Canada","18","9","0",170.7,"1890",67.2047244094488
"443",840,"United States of America","18","9","0",169.1,"1890",66.5748031496063
"444",192,"Cuba","18","9","0",166,"1890",65.3543307086614
"445",388,"Jamaica","18","9","0",170.2,"1890",67.007874015748
"446",630,"Puerto Rico","18","9","0",164.53,"1890",64.7755905511811
"447",320,"Guatemala","18","9","0",156.3,"1890",61.5354330708661
"448",484,"Mexico","18","9","0",163.9,"1890",64.5275590551181
"449",32,"Argentina","18","9","0",167.792,"1890",66.059842519685
"450",68,"Bolivia (Plurinational State of)","18","9","0",163.594,"1890",64.4070866141732
"451",76,"Brazil","18","9","0",167.1,"1890",65.7874015748031
"452",170,"Colombia","18","9","0",161.855,"1890",63.7224409448819
"453",328,"Guyana","18","9","0",157.45,"1890",61.9881889763779
"454",53,"Australia and New Zealand","18","9","0",171.3,"1890",67.4409448818898
"455",36,"Australia","18","9","0",171.3,"1890",67.4409448818898
"456",554,"New Zealand","18","9","0",172,"1890",67.7165354330709
"457",356,"India","18","9","0",163.008,"1890",64.1763779527559
"458",364,"Iran (Islamic Republic of)","18","9","0",165.98,"1890",65.3464566929134
"459",586,"Pakistan","18","9","0",165.04,"1890",64.9763779527559
"460",156,"China","18","9","0",164,"1890",64.5669291338583
"461",408,"Democratic People's Republic of Korea","18","9","0",160.7,"1890",63.2677165354331
"462",392,"Japan","18","9","0",157.79,"1890",62.1220472440945
"463",410,"Republic of Korea","18","9","0",160.7,"1890",63.2677165354331
"464",116,"Cambodia","18","9","0",160.4,"1890",63.1496062992126
"465",360,"Indonesia","18","9","0",158.77,"1890",62.507874015748
"466",418,"Lao People's Democratic Republic","18","9","0",160.6,"1890",63.2283464566929
"467",458,"Malaysia","18","9","0",155.8,"1890",61.3385826771654
"468",104,"Myanmar","18","9","0",163,"1890",64.1732283464567
"469",608,"Philippines","18","9","0",161.5,"1890",63.5826771653543
"470",764,"Thailand","18","9","0",161,"1890",63.3858267716535
"471",704,"Viet Nam","18","9","0",158.5,"1890",62.4015748031496
"472",51,"Armenia","18","9","0",166.2,"1890",65.4330708661417
"473",196,"Cyprus","18","9","0",168.334,"1890",66.2732283464567
"474",268,"Georgia","18","9","0",164.26,"1890",64.6692913385827
"475",368,"Iraq","18","9","0",166.617,"1890",65.5972440944882
"476",422,"Lebanon","18","9","0",166.39,"1890",65.507874015748
"477",760,"Syrian Arab Republic","18","9","0",166.876,"1890",65.6992125984252
"478",792,"Turkey","18","9","0",168.41,"1890",66.3031496062992
"479",886,"Yemen (until 1990)","18","9","0",162.72,"1890",64.0629921259843
"480",887,"Yemen","18","9","0",162.72,"1890",64.0629921259843
"481",398,"Kazakhstan","18","9","0",164.8,"1890",64.8818897637795
"482",417,"Kyrgyzstan","18","9","0",164.03,"1890",64.5787401574803
"483",762,"Tajikistan","18","9","0",165.8,"1890",65.2755905511811
"484",795,"Turkmenistan","18","9","0",168.9,"1890",66.496062992126
"485",860,"Uzbekistan","18","9","0",165.2,"1890",65.0393700787401
"486",434,"Libya","18","9","0",166.5,"1890",65.5511811023622
"487",729,"Sudan (North)","18","9","0",169.836,"1890",66.8645669291339
"488",736,"Sudan (until 2011)","18","9","0",169.836,"1890",66.8645669291339
"489",854,"Burkina Faso","18","9","0",167.9,"1890",66.1023622047244
"490",384,"Cote d'Ivoire","18","9","0",168.83,"1890",66.4685039370079
"491",288,"Ghana","18","9","0",164.2,"1890",64.6456692913386
"492",324,"Guinea","18","9","0",164.21,"1890",64.6496062992126
"493",624,"Guinea-Bissau","18","9","0",168.259,"1890",66.2437007874016
"494",466,"Mali","18","9","0",169.376,"1890",66.6834645669291
"495",686,"Senegal","18","9","0",171.75,"1890",67.6181102362205
"496",694,"Sierra Leone","18","9","0",165.5,"1890",65.1574803149606
"497",24,"Angola","18","9","0",169.1,"1890",66.5748031496063
"498",120,"Cameroon","18","9","0",164.085,"1890",64.6003937007874
"499",148,"Chad","18","9","0",169.6,"1890",66.7716535433071
"500",180,"Democratic Republic of the Congo","18","9","0",162.609,"1890",64.0192913385827
"501",710,"South Africa","18","9","0",170.364,"1890",67.0724409448819
"502",404,"Kenya","18","9","0",166,"1890",65.3543307086614
"503",706,"Somalia","18","9","0",171.4,"1890",67.4803149606299
"504",800,"Uganda","18","9","0",166.425,"1890",65.5216535433071
"505",834,"United Republic of Tanzania","18","9","0",167.669,"1890",66.0114173228346
"506",716,"Zimbabwe","18","9","0",169.045,"1890",66.5531496062992
"507",40,"Austria","19","0","0",168.9,"1900",66.496062992126
"508",56,"Belgium","19","0","0",167.8,"1900",66.0629921259843
"509",280,"Federal Republic of Germany (until 1990)","19","0","0",169.2,"1900",66.6141732283464
"510",250,"France","19","0","0",166.8,"1900",65.6692913385827
"511",276,"Germany","19","0","0",169.2,"1900",66.6141732283464
"512",528,"Netherlands","19","0","0",170.9,"1900",67.2834645669291
"513",756,"Switzerland","19","0","0",170.462,"1900",67.1110236220472
"514",208,"Denmark","19","0","0",170.5,"1900",67.1259842519685
"515",233,"Estonia","19","0","0",175.3,"1900",69.0157480314961
"516",246,"Finland","19","0","0",167.3,"1900",65.8661417322835
"517",372,"Ireland","19","0","0",170,"1900",66.9291338582677
"518",428,"Latvia","19","0","0",171.4,"1900",67.4803149606299
"519",578,"Norway","19","0","0",172.03,"1900",67.7283464566929
"520",752,"Sweden","19","0","0",172.8,"1900",68.0314960629921
"521",826,"United Kingdom of Great Britain and Northern Ireland","19","0","0",169.367,"1900",66.6799212598425
"522",8,"Albania","19","0","0",169.2,"1900",66.6141732283464
"523",191,"Croatia","19","0","0",171.508,"1900",67.5228346456693
"524",300,"Greece","19","0","0",169.6,"1900",66.7716535433071
"525",380,"Italy","19","0","0",165.6,"1900",65.1968503937008
"526",620,"Portugal","19","0","0",163.774,"1900",64.4779527559055
"527",724,"Spain","19","0","0",164.6,"1900",64.8031496062992
"528",807,"The former Yugoslav Republic of Macedonia","19","0","0",167.669,"1900",66.0114173228346
"529",112,"Belarus","19","0","0",166.5,"1900",65.5511811023622
"530",203,"Czech Republic","19","0","0",170.7,"1900",67.2047244094488
"531",616,"Poland","19","0","0",166.568,"1900",65.5779527559055
"532",642,"Romania","19","0","0",168.289,"1900",66.2555118110236
"533",643,"Russian Federation","19","0","0",169.2,"1900",66.6141732283464
"534",124,"Canada","19","0","0",169.9,"1900",66.8897637795276
"535",840,"United States of America","19","0","0",170,"1900",66.9291338582677
"536",192,"Cuba","19","0","0",166.1,"1900",65.3937007874016
"537",630,"Puerto Rico","19","0","0",164.02,"1900",64.5748031496063
"538",484,"Mexico","19","0","0",163.9,"1900",64.5275590551181
"539",32,"Argentina","19","0","0",167.868,"1900",66.0897637795276
"540",68,"Bolivia (Plurinational State of)","19","0","0",162.45,"1900",63.9566929133858
"541",76,"Brazil","19","0","0",167.5,"1900",65.9448818897638
"542",170,"Colombia","19","0","0",161.83,"1900",63.7125984251969
"543",328,"Guyana","19","0","0",156.8,"1900",61.7322834645669
"544",600,"Paraguay","19","0","0",165.615,"1900",65.2027559055118
"545",53,"Australia and New Zealand","19","0","0",172.3,"1900",67.8346456692913
"546",36,"Australia","19","0","0",172.3,"1900",67.8346456692913
"547",364,"Iran (Islamic Republic of)","19","0","0",167.47,"1900",65.9330708661417
"548",524,"Nepal","19","0","0",161.7,"1900",63.6614173228346
"549",156,"China","19","0","0",164,"1900",64.5669291338583
"550",408,"Democratic People's Republic of Korea","19","0","0",160.1,"1900",63.0314960629921
"551",392,"Japan","19","0","0",158.7,"1900",62.4803149606299
"552",410,"Republic of Korea","19","0","0",160.1,"1900",63.0314960629921
"553",116,"Cambodia","19","0","0",158.3,"1900",62.3228346456693
"554",360,"Indonesia","19","0","0",158.96,"1900",62.5826771653543
"555",418,"Lao People's Democratic Republic","19","0","0",161.5,"1900",63.5826771653543
"556",458,"Malaysia","19","0","0",160.5,"1900",63.1889763779528
"557",104,"Myanmar","19","0","0",163.7,"1900",64.4488188976378
"558",608,"Philippines","19","0","0",160.4,"1900",63.1496062992126
"559",764,"Thailand","19","0","0",162.1,"1900",63.8188976377953
"560",704,"Viet Nam","19","0","0",161.2,"1900",63.4645669291339
"561",51,"Armenia","19","0","0",163.58,"1900",64.4015748031496
"562",368,"Iraq","19","0","0",168.56,"1900",66.3622047244095
"563",422,"Lebanon","19","0","0",167.28,"1900",65.8582677165354
"564",760,"Syrian Arab Republic","19","0","0",167.274,"1900",65.855905511811
"565",792,"Turkey","19","0","0",168.417,"1900",66.305905511811
"566",886,"Yemen (until 1990)","19","0","0",161.99,"1900",63.7755905511811
"567",887,"Yemen","19","0","0",161.99,"1900",63.7755905511811
"568",398,"Kazakhstan","19","0","0",165,"1900",64.9606299212598
"569",417,"Kyrgyzstan","19","0","0",165.1,"1900",65
"570",762,"Tajikistan","19","0","0",165.1,"1900",65
"571",860,"Uzbekistan","19","0","0",165.5,"1900",65.1574803149606
"572",818,"Egypt","19","0","0",166.2,"1900",65.4330708661417
"573",729,"Sudan (North)","19","0","0",167.854,"1900",66.0842519685039
"574",736,"Sudan (until 2011)","19","0","0",167.854,"1900",66.0842519685039
"575",854,"Burkina Faso","19","0","0",171.174,"1900",67.3913385826772
"576",384,"Cote d'Ivoire","19","0","0",167.9,"1900",66.1023622047244
"577",288,"Ghana","19","0","0",165.9,"1900",65.3149606299213
"578",324,"Guinea","19","0","0",168.4,"1900",66.2992125984252
"579",624,"Guinea-Bissau","19","0","0",167.721,"1900",66.0318897637795
"580",466,"Mali","19","0","0",167.485,"1900",65.9389763779528
"581",478,"Mauritania","19","0","0",168.954,"1900",66.5173228346457
"582",562,"Niger","19","0","0",168.663,"1900",66.4027559055118
"583",686,"Senegal","19","0","0",170.384,"1900",67.0803149606299
"584",768,"Togo","19","0","0",167,"1900",65.748031496063
"585",24,"Angola","19","0","0",168.1,"1900",66.1811023622047
"586",120,"Cameroon","19","0","0",166.738,"1900",65.6448818897638
"587",140,"Central African Republic","19","0","0",167.27,"1900",65.8543307086614
"588",148,"Chad","19","0","0",165.8,"1900",65.2755905511811
"589",426,"Lesotho","19","0","0",168,"1900",66.1417322834646
"590",516,"Namibia","19","0","0",166.653,"1900",65.6114173228346
"591",710,"South Africa","19","0","0",169.898,"1900",66.8889763779528
"592",404,"Kenya","19","0","0",166.7,"1900",65.6299212598425
"593",450,"Madagascar","19","0","0",163.151,"1900",64.2326771653543
"594",508,"Mozambique","19","0","0",169.613,"1900",66.7767716535433
"595",706,"Somalia","19","0","0",171.9,"1900",67.6771653543307
"596",716,"Zimbabwe","19","0","0",167.63,"1900",65.996062992126
"597",40,"Austria","19","1","0",168.9,"1910",66.496062992126
"598",280,"Federal Republic of Germany (until 1990)","19","1","0",170.5,"1910",67.1259842519685
"599",250,"France","19","1","0",167.8,"1910",66.0629921259843
"600",276,"Germany","19","1","0",170.5,"1910",67.1259842519685
"601",528,"Netherlands","19","1","0",172.6,"1910",67.9527559055118
"602",756,"Switzerland","19","1","0",171.506,"1910",67.5220472440945
"603",208,"Denmark","19","1","0",170,"1910",66.9291338582677
"604",233,"Estonia","19","1","0",172,"1910",67.7165354330709
"605",246,"Finland","19","1","0",170.5,"1910",67.1259842519685
"606",578,"Norway","19","1","0",173.3,"1910",68.2283464566929
"607",752,"Sweden","19","1","0",173.2,"1910",68.1889763779528
"608",826,"United Kingdom of Great Britain and Northern Ireland","19","1","0",170.866,"1910",67.2700787401575
"609",300,"Greece","19","1","0",168.1,"1910",66.1811023622047
"610",380,"Italy","19","1","0",166.3,"1910",65.4724409448819
"611",620,"Portugal","19","1","0",164.491,"1910",64.7602362204724
"612",724,"Spain","19","1","0",165.1,"1910",65
"613",807,"The former Yugoslav Republic of Macedonia","19","1","0",168.4,"1910",66.2992125984252
"614",203,"Czech Republic","19","1","0",170.8,"1910",67.244094488189
"615",616,"Poland","19","1","0",169,"1910",66.5354330708661
"616",643,"Russian Federation","19","1","0",169.1,"1910",66.5748031496063
"617",124,"Canada","19","1","0",171.5,"1910",67.5196850393701
"618",840,"United States of America","19","1","0",172.1,"1910",67.755905511811
"619",192,"Cuba","19","1","0",167.9,"1910",66.1023622047244
"620",388,"Jamaica","19","1","0",167.132,"1910",65.8
"621",630,"Puerto Rico","19","1","0",165.35,"1910",65.0984251968504
"622",320,"Guatemala","19","1","0",156,"1910",61.4173228346457
"623",484,"Mexico","19","1","0",163.7,"1910",64.4488188976378
"624",32,"Argentina","19","1","0",168.2,"1910",66.2204724409449
"625",76,"Brazil","19","1","0",166.486,"1910",65.5456692913386
"626",170,"Colombia","19","1","0",163.545,"1910",64.3877952755905
"627",53,"Australia and New Zealand","19","1","0",172.7,"1910",67.992125984252
"628",36,"Australia","19","1","0",172.7,"1910",67.992125984252
"629",356,"India","19","1","0",162.893,"1910",64.1311023622047
"630",364,"Iran (Islamic Republic of)","19","1","0",167.19,"1910",65.8228346456693
"631",156,"China","19","1","0",164.7,"1910",64.8425196850394
"632",392,"Japan","19","1","0",159.605,"1910",62.8366141732283
"633",496,"Mongolia","19","1","0",162.6,"1910",64.0157480314961
"634",116,"Cambodia","19","1","0",160.6,"1910",63.2283464566929
"635",360,"Indonesia","19","1","0",159.63,"1910",62.8464566929134
"636",418,"Lao People's Democratic Republic","19","1","0",156.2,"1910",61.496062992126
"637",764,"Thailand","19","1","0",161.5,"1910",63.5826771653543
"638",704,"Viet Nam","19","1","0",158,"1910",62.2047244094488
"639",51,"Armenia","19","1","0",163.75,"1910",64.4685039370079
"640",368,"Iraq","19","1","0",166.15,"1910",65.4133858267717
"641",792,"Turkey","19","1","0",167.95,"1910",66.1220472440945
"642",398,"Kazakhstan","19","1","0",163.4,"1910",64.3307086614173
"643",417,"Kyrgyzstan","19","1","0",165.1,"1910",65
"644",762,"Tajikistan","19","1","0",165.1,"1910",65
"645",795,"Turkmenistan","19","1","0",167.93,"1910",66.1141732283465
"646",860,"Uzbekistan","19","1","0",166,"1910",65.3543307086614
"647",12,"Algeria","19","1","0",168.8,"1910",66.4566929133858
"648",818,"Egypt","19","1","0",166.21,"1910",65.4370078740157
"649",729,"Sudan (North)","19","1","0",169,"1910",66.5354330708661
"650",736,"Sudan (until 2011)","19","1","0",169,"1910",66.5354330708661
"651",788,"Tunisia","19","1","0",162.9,"1910",64.1338582677165
"652",204,"Benin","19","1","0",168.87,"1910",66.4842519685039
"653",854,"Burkina Faso","19","1","0",171.06,"1910",67.3464566929134
"654",384,"Cote d'Ivoire","19","1","0",166.621,"1910",65.5988188976378
"655",288,"Ghana","19","1","0",167.1,"1910",65.7874015748031
"656",324,"Guinea","19","1","0",168.455,"1910",66.3208661417323
"657",624,"Guinea-Bissau","19","1","0",167.808,"1910",66.0661417322835
"658",430,"Liberia","19","1","0",165.38,"1910",65.1102362204724
"659",466,"Mali","19","1","0",171.449,"1910",67.4996062992126
"660",478,"Mauritania","19","1","0",169.395,"1910",66.6909448818898
"661",562,"Niger","19","1","0",171.598,"1910",67.5582677165354
"662",566,"Nigeria","19","1","0",166.794,"1910",65.6669291338583
"663",686,"Senegal","19","1","0",169.26,"1910",66.6377952755905
"664",694,"Sierra Leone","19","1","0",165.8,"1910",65.2755905511811
"665",24,"Angola","19","1","0",168,"1910",66.1417322834646
"666",120,"Cameroon","19","1","0",168.765,"1910",66.4429133858268
"667",140,"Central African Republic","19","1","0",164.866,"1910",64.907874015748
"668",180,"Democratic Republic of the Congo","19","1","0",165.3,"1910",65.0787401574803
"669",266,"Gabon","19","1","0",164.9,"1910",64.9212598425197
"670",72,"Botswana","19","1","0",165.42,"1910",65.1259842519685
"671",710,"South Africa","19","1","0",169.704,"1910",66.8125984251969
"672",230,"Ethiopia (until 1993)","19","1","0",161.451,"1910",63.5633858267717
"673",231,"Ethiopia (from 1993)","19","1","0",161.451,"1910",63.5633858267717
"674",404,"Kenya","19","1","0",168.079,"1910",66.1728346456693
"675",450,"Madagascar","19","1","0",163.154,"1910",64.2338582677165
"676",508,"Mozambique","19","1","0",166.667,"1910",65.6169291338583
"677",646,"Rwanda","19","1","0",172,"1910",67.7165354330709
"678",706,"Somalia","19","1","0",171.068,"1910",67.3496062992126
"679",800,"Uganda","19","1","0",165.96,"1910",65.3385826771654
"680",834,"United Republic of Tanzania","19","1","0",164.965,"1910",64.9468503937008
"681",40,"Austria","19","2","0",170.4,"1920",67.0866141732283
"682",280,"Federal Republic of Germany (until 1990)","19","2","0",173.3,"1920",68.2283464566929
"683",250,"France","19","2","0",168.5,"1920",66.3385826771653
"684",276,"Germany","19","2","0",173.3,"1920",68.2283464566929
"685",528,"Netherlands","19","2","0",173.5,"1920",68.3070866141732
"686",756,"Switzerland","19","2","0",170.9,"1920",67.2834645669291
"687",208,"Denmark","19","2","0",173.5,"1920",68.3070866141732
"688",246,"Finland","19","2","0",172.3,"1920",67.8346456692913
"689",372,"Ireland","19","2","0",171.919,"1920",67.6846456692913
"690",578,"Norway","19","2","0",176.25,"1920",69.3897637795276
"691",752,"Sweden","19","2","0",168.3,"1920",66.259842519685
"692",826,"United Kingdom of Great Britain and Northern Ireland","19","2","0",171,"1920",67.3228346456693
"693",300,"Greece","19","2","0",168.4,"1920",66.2992125984252
"694",380,"Italy","19","2","0",167.3,"1920",65.8661417322835
"695",620,"Portugal","19","2","0",164.88,"1920",64.9133858267716
"696",705,"Slovenia","19","2","0",173.7,"1920",68.3858267716535
"697",724,"Spain","19","2","0",165.6,"1920",65.1968503937008
"698",807,"The former Yugoslav Republic of Macedonia","19","2","0",169.6,"1920",66.7716535433071
"699",203,"Czech Republic","19","2","0",173.3,"1920",68.2283464566929
"700",643,"Russian Federation","19","2","0",167,"1920",65.748031496063
"701",703,"Slovakia","19","2","0",171.7,"1920",67.5984251968504
"702",124,"Canada","19","2","0",173,"1920",68.1102362204724
"703",840,"United States of America","19","2","0",173.1,"1920",68.1496062992126
"704",332,"Haiti","19","2","0",166.9,"1920",65.7086614173228
"705",388,"Jamaica","19","2","0",167.894,"1920",66.1
"706",630,"Puerto Rico","19","2","0",164.02,"1920",64.5748031496063
"707",320,"Guatemala","19","2","0",158.7,"1920",62.4803149606299
"708",484,"Mexico","19","2","0",161.12,"1920",63.4330708661417
"709",32,"Argentina","19","2","0",169,"1920",66.5354330708661
"710",76,"Brazil","19","2","0",166.6,"1920",65.5905511811024
"711",170,"Colombia","19","2","0",164.655,"1920",64.8248031496063
"712",53,"Australia and New Zealand","19","2","0",172.846,"1920",68.0496062992126
"713",36,"Australia","19","2","0",172.846,"1920",68.0496062992126
"714",598,"Papua New Guinea","19","2","0",155.603,"1920",61.2610236220472
"715",356,"India","19","2","0",163.465,"1920",64.3562992125984
"716",586,"Pakistan","19","2","0",167.887,"1920",66.0972440944882
"717",144,"Sri Lanka","19","2","0",163.885,"1920",64.5216535433071
"718",156,"China","19","2","0",164.2,"1920",64.6456692913386
"719",392,"Japan","19","2","0",160.7,"1920",63.2677165354331
"720",116,"Cambodia","19","2","0",158.5,"1920",62.4015748031496
"721",360,"Indonesia","19","2","0",160.93,"1920",63.3582677165354
"722",418,"Lao People's Democratic Republic","19","2","0",159.7,"1920",62.8740157480315
"723",104,"Myanmar","19","2","0",160.103,"1920",63.0326771653543
"724",764,"Thailand","19","2","0",161.33,"1920",63.5157480314961
"725",704,"Viet Nam","19","2","0",157.5,"1920",62.007874015748
"726",792,"Turkey","19","2","0",169.3,"1920",66.6535433070866
"727",398,"Kazakhstan","19","2","0",166,"1920",65.3543307086614
"728",417,"Kyrgyzstan","19","2","0",166.2,"1920",65.4330708661417
"729",795,"Turkmenistan","19","2","0",167.5,"1920",65.9448818897638
"730",860,"Uzbekistan","19","2","0",165.047,"1920",64.9791338582677
"731",12,"Algeria","19","2","0",166.241,"1920",65.4492125984252
"732",818,"Egypt","19","2","0",165.11,"1920",65.003937007874
"733",434,"Libya","19","2","0",165.11,"1920",65.003937007874
"734",729,"Sudan (North)","19","2","0",170.985,"1920",67.3169291338583
"735",736,"Sudan (until 2011)","19","2","0",170.985,"1920",67.3169291338583
"736",204,"Benin","19","2","0",168.127,"1920",66.1917322834646
"737",854,"Burkina Faso","19","2","0",172.4,"1920",67.8740157480315
"738",384,"Cote d'Ivoire","19","2","0",166.7,"1920",65.6299212598425
"739",270,"Gambia","19","2","0",166.6,"1920",65.5905511811024
"740",288,"Ghana","19","2","0",167.1,"1920",65.7874015748031
"741",324,"Guinea","19","2","0",168.593,"1920",66.3751968503937
"742",624,"Guinea-Bissau","19","2","0",166.096,"1920",65.392125984252
"743",430,"Liberia","19","2","0",167.59,"1920",65.9803149606299
"744",466,"Mali","19","2","0",171.605,"1920",67.5610236220472
"745",478,"Mauritania","19","2","0",169.227,"1920",66.6248031496063
"746",562,"Niger","19","2","0",171.412,"1920",67.4850393700787
"747",566,"Nigeria","19","2","0",165.6,"1920",65.1968503937008
"748",686,"Senegal","19","2","0",171.561,"1920",67.5437007874016
"749",694,"Sierra Leone","19","2","0",166.961,"1920",65.7326771653543
"750",768,"Togo","19","2","0",168.352,"1920",66.2803149606299
"751",24,"Angola","19","2","0",165.7,"1920",65.2362204724409
"752",120,"Cameroon","19","2","0",166.657,"1920",65.6129921259842
"753",140,"Central African Republic","19","2","0",163.573,"1920",64.3988188976378
"754",148,"Chad","19","2","0",169.379,"1920",66.6846456692913
"755",178,"Congo","19","2","0",165.395,"1920",65.1161417322835
"756",180,"Democratic Republic of the Congo","19","2","0",163.146,"1920",64.2307086614173
"757",266,"Gabon","19","2","0",164.311,"1920",64.6893700787402
"758",710,"South Africa","19","2","0",169.214,"1920",66.6196850393701
"759",108,"Burundi","19","2","0",166.14,"1920",65.4094488188976
"760",230,"Ethiopia (until 1993)","19","2","0",166.636,"1920",65.6047244094488
"761",231,"Ethiopia (from 1993)","19","2","0",166.636,"1920",65.6047244094488
"762",404,"Kenya","19","2","0",167.698,"1920",66.0228346456693
"763",450,"Madagascar","19","2","0",163.45,"1920",64.3503937007874
"764",454,"Malawi","19","2","0",168.42,"1920",66.3070866141732
"765",508,"Mozambique","19","2","0",168.639,"1920",66.3933070866142
"766",646,"Rwanda","19","2","0",171.566,"1920",67.5456692913386
"767",706,"Somalia","19","2","0",168.69,"1920",66.4133858267716
"768",800,"Uganda","19","2","0",167.486,"1920",65.9393700787402
"769",834,"United Republic of Tanzania","19","2","0",165.788,"1920",65.2708661417323
"770",280,"Federal Republic of Germany (until 1990)","19","3","0",174,"1930",68.503937007874
"771",250,"France","19","3","0",169.9,"1930",66.8897637795276
"772",276,"Germany","19","3","0",174,"1930",68.503937007874
"773",528,"Netherlands","19","3","0",174.1,"1930",68.5433070866142
"774",756,"Switzerland","19","3","0",171.3,"1930",67.4409448818898
"775",208,"Denmark","19","3","0",173.9,"1930",68.4645669291339
"776",246,"Finland","19","3","0",172.5,"1930",67.9133858267717
"777",372,"Ireland","19","3","0",173.253,"1930",68.209842519685
"778",578,"Norway","19","3","0",176.9,"1930",69.6456692913386
"779",752,"Sweden","19","3","0",175.5,"1930",69.0944881889764
"780",826,"United Kingdom of Great Britain and Northern Ireland","19","3","0",173.87,"1930",68.4527559055118
"781",191,"Croatia","19","3","0",176.1,"1930",69.3307086614173
"782",300,"Greece","19","3","0",167.5,"1930",65.9448818897638
"783",380,"Italy","19","3","0",168.1,"1930",66.1811023622047
"784",620,"Portugal","19","3","0",165.57,"1930",65.1850393700787
"785",724,"Spain","19","3","0",165.2,"1930",65.0393700787401
"786",807,"The former Yugoslav Republic of Macedonia","19","3","0",168.8,"1930",66.4566929133858
"787",100,"Bulgaria","19","3","0",171.7,"1930",67.5984251968504
"788",203,"Czech Republic","19","3","0",175.7,"1930",69.1732283464567
"789",616,"Poland","19","3","0",173,"1930",68.1102362204724
"790",643,"Russian Federation","19","3","0",167.9,"1930",66.1023622047244
"791",703,"Slovakia","19","3","0",173.3,"1930",68.2283464566929
"792",124,"Canada","19","3","0",172.7,"1930",67.992125984252
"793",840,"United States of America","19","3","0",173.4,"1930",68.2677165354331
"794",332,"Haiti","19","3","0",166.707,"1930",65.6326771653543
"795",388,"Jamaica","19","3","0",169.672,"1930",66.8
"796",630,"Puerto Rico","19","3","0",163.66,"1930",64.4330708661417
"797",320,"Guatemala","19","3","0",158.7,"1930",62.4803149606299
"798",484,"Mexico","19","3","0",165.5,"1930",65.1574803149606
"799",32,"Argentina","19","3","0",169.8,"1930",66.8503937007874
"800",68,"Bolivia (Plurinational State of)","19","3","0",162.5,"1930",63.9763779527559
"801",76,"Brazil","19","3","0",167,"1930",65.748031496063
"802",170,"Colombia","19","3","0",165.465,"1930",65.1437007874016
"803",600,"Paraguay","19","3","0",165.363,"1930",65.1035433070866
"804",604,"Peru","19","3","0",159.749,"1930",62.8933070866142
"805",858,"Uruguay","19","3","0",168.1,"1930",66.1811023622047
"806",554,"New Zealand","19","3","0",174.625,"1930",68.75
"807",598,"Papua New Guinea","19","3","0",152.432,"1930",60.0125984251968
"808",4,"Afghanistan","19","3","0",166.8,"1930",65.6692913385827
"809",356,"India","19","3","0",163.688,"1930",64.444094488189
"810",524,"Nepal","19","3","0",160.9,"1930",63.3464566929134
"811",586,"Pakistan","19","3","0",163.979,"1930",64.5586614173228
"812",156,"China","19","3","0",166.5,"1930",65.5511811023622
"813",344,"China, Hong Kong Special Administrative Region","19","3","0",167.655,"1930",66.005905511811
"814",392,"Japan","19","3","0",161.43,"1930",63.5551181102362
"815",496,"Mongolia","19","3","0",164.8,"1930",64.8818897637795
"816",116,"Cambodia","19","3","0",158.4,"1930",62.3622047244095
"817",360,"Indonesia","19","3","0",160.69,"1930",63.2637795275591
"818",418,"Lao People's Democratic Republic","19","3","0",160.2,"1930",63.0708661417323
"819",458,"Malaysia","19","3","0",162.5,"1930",63.9763779527559
"820",608,"Philippines","19","3","0",163.375,"1930",64.3208661417323
"821",764,"Thailand","19","3","0",161.2,"1930",63.4645669291339
"822",704,"Viet Nam","19","3","0",158.4,"1930",62.3622047244095
"823",48,"Bahrain","19","3","0",160.7,"1930",63.2677165354331
"824",376,"Israel","19","3","0",167.5,"1930",65.9448818897638
"825",792,"Turkey","19","3","0",169.29,"1930",66.6496062992126
"826",398,"Kazakhstan","19","3","0",164.4,"1930",64.7244094488189
"827",417,"Kyrgyzstan","19","3","0",164.5,"1930",64.7637795275591
"828",12,"Algeria","19","3","0",169,"1930",66.5354330708661
"829",729,"Sudan (North)","19","3","0",167.9,"1930",66.1023622047244
"830",736,"Sudan (until 2011)","19","3","0",167.9,"1930",66.1023622047244
"831",204,"Benin","19","3","0",168.2,"1930",66.2204724409449
"832",854,"Burkina Faso","19","3","0",171,"1930",67.3228346456693
"833",384,"Cote d'Ivoire","19","3","0",167.5,"1930",65.9448818897638
"834",288,"Ghana","19","3","0",167.65,"1930",66.003937007874
"835",324,"Guinea","19","3","0",167.528,"1930",65.955905511811
"836",624,"Guinea-Bissau","19","3","0",169.4,"1930",66.6929133858268
"837",430,"Liberia","19","3","0",167.235,"1930",65.8405511811024
"838",466,"Mali","19","3","0",168.5,"1930",66.3385826771653
"839",478,"Mauritania","19","3","0",170.149,"1930",66.9877952755906
"840",562,"Niger","19","3","0",172.7,"1930",67.992125984252
"841",566,"Nigeria","19","3","0",164.62,"1930",64.8110236220472
"842",686,"Senegal","19","3","0",171.109,"1930",67.3657480314961
"843",694,"Sierra Leone","19","3","0",165.5,"1930",65.1574803149606
"844",24,"Angola","19","3","0",166.7,"1930",65.6299212598425
"845",120,"Cameroon","19","3","0",169.5,"1930",66.7322834645669
"846",140,"Central African Republic","19","3","0",164,"1930",64.5669291338583
"847",148,"Chad","19","3","0",170.61,"1930",67.1692913385827
"848",178,"Congo","19","3","0",164.62,"1930",64.8110236220472
"849",180,"Democratic Republic of the Congo","19","3","0",167.308,"1930",65.8692913385827
"850",226,"Equatorial Guinea","19","3","0",169,"1930",66.5354330708661
"851",516,"Namibia","19","3","0",171.11,"1930",67.3661417322835
"852",710,"South Africa","19","3","0",169.984,"1930",66.9228346456693
"853",748,"Swaziland","19","3","0",168.812,"1930",66.4614173228346
"854",108,"Burundi","19","3","0",169.355,"1930",66.6751968503937
"855",232,"Eritrea","19","3","0",164,"1930",64.5669291338583
"856",230,"Ethiopia (until 1993)","19","3","0",167.27,"1930",65.8543307086614
"857",231,"Ethiopia (from 1993)","19","3","0",167.27,"1930",65.8543307086614
"858",454,"Malawi","19","3","0",165.6,"1930",65.1968503937008
"859",508,"Mozambique","19","3","0",167.29,"1930",65.8622047244095
"860",646,"Rwanda","19","3","0",169.321,"1930",66.6618110236221
"861",706,"Somalia","19","3","0",172.9,"1930",68.0708661417323
"862",800,"Uganda","19","3","0",164.892,"1930",64.9181102362205
"863",834,"United Republic of Tanzania","19","3","0",166.6,"1930",65.5905511811024
"864",56,"Belgium","19","4","0",174.54,"1940",68.7165354330709
"865",280,"Federal Republic of Germany (until 1990)","19","4","0",175.2,"1940",68.9763779527559
"866",250,"France","19","4","0",171.7,"1940",67.5984251968504
"867",276,"Germany","19","4","0",175.2,"1940",68.9763779527559
"868",528,"Netherlands","19","4","0",177.5,"1940",69.8818897637795
"869",208,"Denmark","19","4","0",175.9,"1940",69.251968503937
"870",246,"Finland","19","4","0",174.8,"1940",68.8188976377953
"871",428,"Latvia","19","4","0",174.211,"1940",68.5870078740158
"872",440,"Lithuania","19","4","0",173.725,"1940",68.3956692913386
"873",578,"Norway","19","4","0",177.5,"1940",69.8818897637795
"874",752,"Sweden","19","4","0",178.5,"1940",70.2755905511811
"875",826,"United Kingdom of Great Britain and Northern Ireland","19","4","0",174.9,"1940",68.8582677165354
"876",300,"Greece","19","4","0",169.2,"1940",66.6141732283464
"877",380,"Italy","19","4","0",169.3,"1940",66.6535433070866
"878",620,"Portugal","19","4","0",166.385,"1940",65.505905511811
"879",724,"Spain","19","4","0",166.3,"1940",65.4724409448819
"880",100,"Bulgaria","19","4","0",171.3,"1940",67.4409448818898
"881",203,"Czech Republic","19","4","0",176.8,"1940",69.6062992125984
"882",616,"Poland","19","4","0",170.5,"1940",67.1259842519685
"883",642,"Romania","19","4","0",169.253,"1940",66.6350393700787
"884",643,"Russian Federation","19","4","0",169,"1940",66.5354330708661
"885",703,"Slovakia","19","4","0",172.8,"1940",68.0314960629921
"886",124,"Canada","19","4","0",174.6,"1940",68.740157480315
"887",840,"United States of America","19","4","0",176.1,"1940",69.3307086614173
"888",192,"Cuba","19","4","0",169.4,"1940",66.6929133858268
"889",214,"Dominican Republic","19","4","0",167.4,"1940",65.9055118110236
"890",388,"Jamaica","19","4","0",168.281,"1940",66.2523622047244
"891",188,"Costa Rica","19","4","0",166.1,"1940",65.3937007874016
"892",484,"Mexico","19","4","0",165.8,"1940",65.2755905511811
"893",32,"Argentina","19","4","0",170.6,"1940",67.1653543307087
"894",68,"Bolivia (Plurinational State of)","19","4","0",163.4,"1940",64.3307086614173
"895",76,"Brazil","19","4","0",167.1,"1940",65.7874015748031
"896",170,"Colombia","19","4","0",167.05,"1940",65.7677165354331
"897",604,"Peru","19","4","0",160.947,"1940",63.3649606299213
"898",598,"Papua New Guinea","19","4","0",158.875,"1940",62.5492125984252
"899",356,"India","19","4","0",164.049,"1940",64.5862204724409
"900",364,"Iran (Islamic Republic of)","19","4","0",167.8,"1940",66.0629921259843
"901",524,"Nepal","19","4","0",162.383,"1940",63.9303149606299
"902",586,"Pakistan","19","4","0",168.1,"1940",66.1811023622047
"903",156,"China","19","4","0",167.4,"1940",65.9055118110236
"904",344,"China, Hong Kong Special Administrative Region","19","4","0",167.1,"1940",65.7874015748031
"905",408,"Democratic People's Republic of Korea","19","4","0",166.51,"1940",65.5551181102362
"906",392,"Japan","19","4","0",162.6,"1940",64.0157480314961
"907",410,"Republic of Korea","19","4","0",166.51,"1940",65.5551181102362
"908",360,"Indonesia","19","4","0",160.4,"1940",63.1496062992126
"909",418,"Lao People's Democratic Republic","19","4","0",163.2,"1940",64.251968503937
"910",104,"Myanmar","19","4","0",164.8,"1940",64.8818897637795
"911",608,"Philippines","19","4","0",164.6,"1940",64.8031496062992
"912",51,"Armenia","19","4","0",167.99,"1940",66.1377952755905
"913",48,"Bahrain","19","4","0",163.8,"1940",64.488188976378
"914",376,"Israel","19","4","0",165.746,"1940",65.2543307086614
"915",400,"Jordan","19","4","0",166.053,"1940",65.3751968503937
"916",422,"Lebanon","19","4","0",169.352,"1940",66.6740157480315
"917",682,"Saudi Arabia","19","4","0",169.2,"1940",66.6141732283464
"918",792,"Turkey","19","4","0",167.2,"1940",65.8267716535433
"919",860,"Uzbekistan","19","4","0",170.323,"1940",67.0562992125984
"920",818,"Egypt","19","4","0",167.504,"1940",65.9464566929134
"921",504,"Morocco","19","4","0",168.107,"1940",66.1838582677165
"922",854,"Burkina Faso","19","4","0",172.451,"1940",67.894094488189
"923",384,"Cote d'Ivoire","19","4","0",168.65,"1940",66.3976377952756
"924",288,"Ghana","19","4","0",168.6,"1940",66.3779527559055
"925",624,"Guinea-Bissau","19","4","0",168.9,"1940",66.496062992126
"926",466,"Mali","19","4","0",170.5,"1940",67.1259842519685
"927",562,"Niger","19","4","0",171.179,"1940",67.3933070866142
"928",566,"Nigeria","19","4","0",167.2,"1940",65.8267716535433
"929",686,"Senegal","19","4","0",171.861,"1940",67.661811023622
"930",178,"Congo","19","4","0",166.88,"1940",65.7007874015748
"931",516,"Namibia","19","4","0",172.312,"1940",67.8393700787402
"932",710,"South Africa","19","4","0",168.225,"1940",66.2303149606299
"933",230,"Ethiopia (until 1993)","19","4","0",168.5,"1940",66.3385826771653
"934",231,"Ethiopia (from 1993)","19","4","0",168.5,"1940",66.3385826771653
"935",454,"Malawi","19","4","0",166.202,"1940",65.4338582677165
"936",834,"United Republic of Tanzania","19","4","0",165.569,"1940",65.1846456692913
"937",894,"Zambia","19","4","0",168.063,"1940",66.1665354330709
"938",280,"Federal Republic of Germany (until 1990)","19","5","0",176.8,"1950",69.6062992125984
"939",250,"France","19","5","0",173.175,"1950",68.1791338582677
"940",276,"Germany","19","5","0",176.8,"1950",69.6062992125984
"941",528,"Netherlands","19","5","0",178.7,"1950",70.3543307086614
"942",208,"Denmark","19","5","0",179.8,"1950",70.7874015748032
"943",246,"Finland","19","5","0",178,"1950",70.0787401574803
"944",372,"Ireland","19","5","0",174.9,"1950",68.8582677165354
"945",578,"Norway","19","5","0",178.1,"1950",70.1181102362205
"946",752,"Sweden","19","5","0",179.3,"1950",70.5905511811024
"947",826,"United Kingdom of Great Britain and Northern Ireland","19","5","0",176,"1950",69.2913385826772
"948",191,"Croatia","19","5","0",175.1,"1950",68.9370078740157
"949",300,"Greece","19","5","0",173.7,"1950",68.3858267716535
"950",380,"Italy","19","5","0",171.3,"1950",67.4409448818898
"951",620,"Portugal","19","5","0",167.41,"1950",65.9094488188976
"952",705,"Slovenia","19","5","0",175.8,"1950",69.2125984251969
"953",724,"Spain","19","5","0",170.8,"1950",67.244094488189
"954",100,"Bulgaria","19","5","0",172.9,"1950",68.0708661417323
"955",203,"Czech Republic","19","5","0",177.7,"1950",69.9606299212598
"956",348,"Hungary","19","5","0",175.4,"1950",69.0551181102362
"957",616,"Poland","19","5","0",173.2,"1950",68.1889763779528
"958",498,"Republic of Moldova","19","5","0",172.007,"1950",67.7192913385827
"959",643,"Russian Federation","19","5","0",172,"1950",67.7165354330709
"960",124,"Canada","19","5","0",177,"1950",69.6850393700787
"961",840,"United States of America","19","5","0",177.1,"1950",69.7244094488189
"962",192,"Cuba","19","5","0",169.2,"1950",66.6141732283464
"963",214,"Dominican Republic","19","5","0",168.1,"1950",66.1811023622047
"964",332,"Haiti","19","5","0",170.377,"1950",67.0775590551181
"965",320,"Guatemala","19","5","0",159.2,"1950",62.6771653543307
"966",340,"Honduras","19","5","0",163.971,"1950",64.5555118110236
"967",484,"Mexico","19","5","0",165.093,"1950",64.9972440944882
"968",558,"Nicaragua","19","5","0",165.615,"1950",65.2027559055118
"969",32,"Argentina","19","5","0",170.8,"1950",67.244094488189
"970",68,"Bolivia (Plurinational State of)","19","5","0",162.482,"1950",63.9692913385827
"971",76,"Brazil","19","5","0",168.2,"1950",66.2204724409449
"972",152,"Chile","19","5","0",169.64,"1950",66.7874015748031
"973",170,"Colombia","19","5","0",167.8,"1950",66.0629921259843
"974",604,"Peru","19","5","0",162.226,"1950",63.8685039370079
"975",50,"Bangladesh","19","5","0",161.555,"1950",63.6043307086614
"976",356,"India","19","5","0",163.542,"1950",64.3866141732284
"977",364,"Iran (Islamic Republic of)","19","5","0",168.78,"1950",66.4488188976378
"978",524,"Nepal","19","5","0",161.783,"1950",63.694094488189
"979",156,"China","19","5","0",169.2,"1950",66.6141732283464
"980",408,"Democratic People's Republic of Korea","19","5","0",168.6,"1950",66.3779527559055
"981",392,"Japan","19","5","0",163.6,"1950",64.4094488188976
"982",410,"Republic of Korea","19","5","0",168.6,"1950",66.3779527559055
"983",116,"Cambodia","19","5","0",162.361,"1950",63.9216535433071
"984",360,"Indonesia","19","5","0",161.65,"1950",63.6417322834646
"985",31,"Azerbaijan","19","5","0",171.216,"1950",67.407874015748
"986",48,"Bahrain","19","5","0",164,"1950",64.5669291338583
"987",400,"Jordan","19","5","0",169.97,"1950",66.9173228346457
"988",275,"Occupied Palestinian Territory","19","5","0",171,"1950",67.3228346456693
"989",682,"Saudi Arabia","19","5","0",170.3,"1950",67.0472440944882
"990",792,"Turkey","19","5","0",166.6,"1950",65.5905511811024
"991",398,"Kazakhstan","19","5","0",170.3,"1950",67.0472440944882
"992",417,"Kyrgyzstan","19","5","0",169.8,"1950",66.8503937007874
"993",860,"Uzbekistan","19","5","0",171.5,"1950",67.5196850393701
"994",818,"Egypt","19","5","0",170.09,"1950",66.9645669291339
"995",504,"Morocco","19","5","0",169.012,"1950",66.540157480315
"996",204,"Benin","19","5","0",169.911,"1950",66.894094488189
"997",854,"Burkina Faso","19","5","0",172.226,"1950",67.8055118110236
"998",384,"Cote d'Ivoire","19","5","0",170,"1950",66.9291338582677
"999",288,"Ghana","19","5","0",169.49,"1950",66.7283464566929
"1000",324,"Guinea","19","5","0",168.738,"1950",66.4322834645669
"1001",624,"Guinea-Bissau","19","5","0",168.9,"1950",66.496062992126
"1002",430,"Liberia","19","5","0",166.975,"1950",65.738188976378
"1003",466,"Mali","19","5","0",172.483,"1950",67.9066929133858
"1004",562,"Niger","19","5","0",170.946,"1950",67.3015748031496
"1005",566,"Nigeria","19","5","0",168.544,"1950",66.355905511811
"1006",686,"Senegal","19","5","0",173.913,"1950",68.4696850393701
"1007",768,"Togo","19","5","0",170.8,"1950",67.244094488189
"1008",120,"Cameroon","19","5","0",171.251,"1950",67.4216535433071
"1009",140,"Central African Republic","19","5","0",169.3,"1950",66.6535433070866
"1010",148,"Chad","19","5","0",173.69,"1950",68.3818897637795
"1011",178,"Congo","19","5","0",168.447,"1950",66.3177165354331
"1012",180,"Democratic Republic of the Congo","19","5","0",168.469,"1950",66.3263779527559
"1013",266,"Gabon","19","5","0",171.2,"1950",67.4015748031496
"1014",426,"Lesotho","19","5","0",167.97,"1950",66.1299212598425
"1015",516,"Namibia","19","5","0",171.906,"1950",67.6795275590551
"1016",710,"South Africa","19","5","0",170.1,"1950",66.9685039370079
"1017",748,"Swaziland","19","5","0",169.473,"1950",66.7216535433071
"1018",174,"Comoros","19","5","0",166.8,"1950",65.6692913385827
"1019",232,"Eritrea","19","5","0",156.7,"1950",61.6929133858268
"1020",230,"Ethiopia (until 1993)","19","5","0",166.823,"1950",65.6783464566929
"1021",231,"Ethiopia (from 1993)","19","5","0",166.823,"1950",65.6783464566929
"1022",404,"Kenya","19","5","0",169.884,"1950",66.8834645669291
"1023",450,"Madagascar","19","5","0",164.056,"1950",64.5889763779528
"1024",454,"Malawi","19","5","0",166.617,"1950",65.5972440944882
"1025",508,"Mozambique","19","5","0",165.967,"1950",65.3413385826772
"1026",646,"Rwanda","19","5","0",168.887,"1950",66.4909448818898
"1027",800,"Uganda","19","5","0",169.822,"1950",66.8590551181102
"1028",834,"United Republic of Tanzania","19","5","0",166.195,"1950",65.4311023622047
"1029",894,"Zambia","19","5","0",169.635,"1950",66.7854330708661
"1030",716,"Zimbabwe","19","5","0",170.988,"1950",67.3181102362205
"1031",40,"Austria","19","6","0",177,"1960",69.6850393700787
"1032",56,"Belgium","19","6","0",176.8,"1960",69.6062992125984
"1033",280,"Federal Republic of Germany (until 1990)","19","6","0",178.9,"1960",70.4330708661417
"1034",250,"France","19","6","0",174.9,"1960",68.8582677165354
"1035",276,"Germany","19","6","0",178.9,"1960",70.4330708661417
"1036",528,"Netherlands","19","6","0",182.2,"1960",71.7322834645669
"1037",208,"Denmark","19","6","0",180.2,"1960",70.9448818897638
"1038",233,"Estonia","19","6","0",174.1,"1960",68.5433070866142
"1039",246,"Finland","19","6","0",179.3,"1960",70.5905511811024
"1040",372,"Ireland","19","6","0",175.8,"1960",69.2125984251969
"1041",578,"Norway","19","6","0",179.3,"1960",70.5905511811024
"1042",752,"Sweden","19","6","0",180.1,"1960",70.9055118110236
"1043",826,"United Kingdom of Great Britain and Northern Ireland","19","6","0",176.9,"1960",69.6456692913386
"1044",191,"Croatia","19","6","0",178.2,"1960",70.1574803149606
"1045",300,"Greece","19","6","0",177.6,"1960",69.9212598425197
"1046",380,"Italy","19","6","0",173,"1960",68.1102362204724
"1047",620,"Portugal","19","6","0",169.24,"1960",66.6299212598425
"1048",688,"Serbia","19","6","0",175.8,"1960",69.2125984251969
"1049",891,"Serbia and Montenegro (until 2006)","19","6","0",175.8,"1960",69.2125984251969
"1050",724,"Spain","19","6","0",174.2,"1960",68.5826771653543
"1051",200,"Czechoslovakia (until 1993)","19","6","0",175.8,"1960",69.2125984251969
"1052",348,"Hungary","19","6","0",178.2,"1960",70.1574803149606
"1053",616,"Poland","19","6","0",175.3,"1960",69.0157480314961
"1054",498,"Republic of Moldova","19","6","0",172.813,"1960",68.0366141732283
"1055",643,"Russian Federation","19","6","0",173.6,"1960",68.3464566929134
"1056",124,"Canada","19","6","0",178.3,"1960",70.1968503937008
"1057",840,"United States of America","19","6","0",177.3,"1960",69.8031496062992
"1058",214,"Dominican Republic","19","6","0",169,"1960",66.5354330708661
"1059",332,"Haiti","19","6","0",171.064,"1960",67.348031496063
"1060",320,"Guatemala","19","6","0",159.8,"1960",62.9133858267717
"1061",340,"Honduras","19","6","0",164.15,"1960",64.6259842519685
"1062",484,"Mexico","19","6","0",166.365,"1960",65.498031496063
"1063",558,"Nicaragua","19","6","0",165.902,"1960",65.3157480314961
"1064",68,"Bolivia (Plurinational State of)","19","6","0",163.182,"1960",64.2448818897638
"1065",76,"Brazil","19","6","0",169,"1960",66.5354330708661
"1066",170,"Colombia","19","6","0",168.5,"1960",66.3385826771653
"1067",604,"Peru","19","6","0",163.056,"1960",64.1952755905512
"1068",53,"Australia and New Zealand","19","6","0",176.3,"1960",69.4094488188976
"1069",36,"Australia","19","6","0",176.3,"1960",69.4094488188976
"1070",50,"Bangladesh","19","6","0",162.15,"1960",63.8385826771654
"1071",356,"India","19","6","0",163.883,"1960",64.5208661417323
"1072",364,"Iran (Islamic Republic of)","19","6","0",169.14,"1960",66.5905511811024
"1073",524,"Nepal","19","6","0",162.459,"1960",63.9602362204724
"1074",156,"China","19","6","0",170,"1960",66.9291338582677
"1075",408,"Democratic People's Republic of Korea","19","6","0",170.7,"1960",67.2047244094488
"1076",392,"Japan","19","6","0",165.7,"1960",65.2362204724409
"1077",410,"Republic of Korea","19","6","0",170.7,"1960",67.2047244094488
"1078",116,"Cambodia","19","6","0",162.84,"1960",64.1102362204724
"1079",360,"Indonesia","19","6","0",162.41,"1960",63.9409448818898
"1080",51,"Armenia","19","6","0",170.601,"1960",67.1657480314961
"1081",31,"Azerbaijan","19","6","0",171.734,"1960",67.6118110236221
"1082",400,"Jordan","19","6","0",170.317,"1960",67.053937007874
"1083",275,"Occupied Palestinian Territory","19","6","0",172,"1960",67.7165354330709
"1084",682,"Saudi Arabia","19","6","0",170.8,"1960",67.244094488189
"1085",792,"Turkey","19","6","0",167.4,"1960",65.9055118110236
"1086",398,"Kazakhstan","19","6","0",171.4,"1960",67.4803149606299
"1087",417,"Kyrgyzstan","19","6","0",169.8,"1960",66.8503937007874
"1088",860,"Uzbekistan","19","6","0",171.2,"1960",67.4015748031496
"1089",818,"Egypt","19","6","0",170.632,"1960",67.1779527559055
"1090",504,"Morocco","19","6","0",169.913,"1960",66.8948818897638
"1091",204,"Benin","19","6","0",170.688,"1960",67.2
"1092",854,"Burkina Faso","19","6","0",172.798,"1960",68.0307086614173
"1093",384,"Cote d'Ivoire","19","6","0",171.3,"1960",67.4409448818898
"1094",288,"Ghana","19","6","0",169.771,"1960",66.8389763779527
"1095",324,"Guinea","19","6","0",169.621,"1960",66.7799212598425
"1096",430,"Liberia","19","6","0",168.648,"1960",66.3968503937008
"1097",466,"Mali","19","6","0",172.727,"1960",68.0027559055118
"1098",562,"Niger","19","6","0",171.44,"1960",67.496062992126
"1099",566,"Nigeria","19","6","0",169.769,"1960",66.8381889763779
"1100",686,"Senegal","19","6","0",174.091,"1960",68.5397637795276
"1101",768,"Togo","19","6","0",170.6,"1960",67.1653543307087
"1102",120,"Cameroon","19","6","0",171.519,"1960",67.5271653543307
"1103",140,"Central African Republic","19","6","0",170.8,"1960",67.244094488189
"1104",148,"Chad","19","6","0",174.3,"1960",68.6220472440945
"1105",178,"Congo","19","6","0",169.376,"1960",66.6834645669291
"1106",180,"Democratic Republic of the Congo","19","6","0",168.32,"1960",66.2677165354331
"1107",266,"Gabon","19","6","0",170.7,"1960",67.2047244094488
"1108",426,"Lesotho","19","6","0",168.269,"1960",66.2476377952756
"1109",516,"Namibia","19","6","0",172.076,"1960",67.7464566929134
"1110",710,"South Africa","19","6","0",169.5,"1960",66.7322834645669
"1111",748,"Swaziland","19","6","0",169.884,"1960",66.8834645669291
"1112",174,"Comoros","19","6","0",167,"1960",65.748031496063
"1113",232,"Eritrea","19","6","0",155.75,"1960",61.3188976377953
"1114",230,"Ethiopia (until 1993)","19","6","0",167.512,"1960",65.9496062992126
"1115",231,"Ethiopia (from 1993)","19","6","0",167.512,"1960",65.9496062992126
"1116",404,"Kenya","19","6","0",170.745,"1960",67.2224409448819
"1117",450,"Madagascar","19","6","0",164.954,"1960",64.9425196850394
"1118",454,"Malawi","19","6","0",167.089,"1960",65.7830708661417
"1119",508,"Mozambique","19","6","0",166.269,"1960",65.4602362204724
"1120",646,"Rwanda","19","6","0",168.804,"1960",66.4582677165354
"1121",800,"Uganda","19","6","0",170.087,"1960",66.9633858267716
"1122",834,"United Republic of Tanzania","19","6","0",167.167,"1960",65.813779527559
"1123",894,"Zambia","19","6","0",169.719,"1960",66.8185039370079
"1124",716,"Zimbabwe","19","6","0",171.076,"1960",67.3527559055118
"1125",40,"Austria","19","7","0",177.5,"1970",69.8818897637795
"1126",280,"Federal Republic of Germany (until 1990)","19","7","0",179.4,"1970",70.6299212598425
"1127",250,"France","19","7","0",175.1,"1970",68.9370078740157
"1128",276,"Germany","19","7","0",179.4,"1970",70.6299212598425
"1129",528,"Netherlands","19","7","0",182.3,"1970",71.7716535433071
"1130",208,"Denmark","19","7","0",180.8,"1970",71.1811023622047
"1131",233,"Estonia","19","7","0",179.6,"1970",70.7086614173228
"1132",246,"Finland","19","7","0",177.5,"1970",69.8818897637795
"1133",372,"Ireland","19","7","0",176.4,"1970",69.4488188976378
"1134",578,"Norway","19","7","0",179.5,"1970",70.6692913385827
"1135",752,"Sweden","19","7","0",180,"1970",70.8661417322835
"1136",826,"United Kingdom of Great Britain and Northern Ireland","19","7","0",177.1,"1970",69.7244094488189
"1137",380,"Italy","19","7","0",174.1,"1970",68.5433070866142
"1138",620,"Portugal","19","7","0",171.38,"1970",67.4724409448819
"1139",705,"Slovenia","19","7","0",179.2,"1970",70.5511811023622
"1140",724,"Spain","19","7","0",175.2,"1970",68.9763779527559
"1141",203,"Czech Republic","19","7","0",178.7,"1970",70.3543307086614
"1142",348,"Hungary","19","7","0",178.8,"1970",70.3937007874016
"1143",498,"Republic of Moldova","19","7","0",173.535,"1970",68.3208661417323
"1144",643,"Russian Federation","19","7","0",177,"1970",69.6850393700787
"1145",124,"Canada","19","7","0",178.8,"1970",70.3937007874016
"1146",840,"United States of America","19","7","0",178.3,"1970",70.1968503937008
"1147",214,"Dominican Republic","19","7","0",168.8,"1970",66.4566929133858
"1148",332,"Haiti","19","7","0",171.254,"1970",67.4228346456693
"1149",320,"Guatemala","19","7","0",160.3,"1970",63.1102362204724
"1150",340,"Honduras","19","7","0",164.634,"1970",64.8165354330709
"1151",558,"Nicaragua","19","7","0",166.159,"1970",65.4169291338583
"1152",68,"Bolivia (Plurinational State of)","19","7","0",163.886,"1970",64.5220472440945
"1153",76,"Brazil","19","7","0",171.6,"1970",67.5590551181102
"1154",170,"Colombia","19","7","0",168.9,"1970",66.496062992126
"1155",328,"Guyana","19","7","0",167.2,"1970",65.8267716535433
"1156",604,"Peru","19","7","0",163.931,"1970",64.5397637795276
"1157",53,"Australia and New Zealand","19","7","0",178.4,"1970",70.2362204724409
"1158",36,"Australia","19","7","0",178.4,"1970",70.2362204724409
"1159",356,"India","19","7","0",164.294,"1970",64.6826771653543
"1160",364,"Iran (Islamic Republic of)","19","7","0",170.85,"1970",67.2637795275591
"1161",524,"Nepal","19","7","0",162.71,"1970",64.0590551181102
"1162",156,"China","19","7","0",170,"1970",66.9291338582677
"1163",408,"Democratic People's Republic of Korea","19","7","0",171.9,"1970",67.6771653543307
"1164",392,"Japan","19","7","0",166.8,"1970",65.6692913385827
"1165",410,"Republic of Korea","19","7","0",171.9,"1970",67.6771653543307
"1166",116,"Cambodia","19","7","0",162.674,"1970",64.0448818897638
"1167",360,"Indonesia","19","7","0",163.11,"1970",64.2165354330709
"1168",702,"Singapore","19","7","0",172.2,"1970",67.7952755905512
"1169",51,"Armenia","19","7","0",171.749,"1970",67.6177165354331
"1170",31,"Azerbaijan","19","7","0",172.039,"1970",67.7318897637795
"1171",400,"Jordan","19","7","0",170.53,"1970",67.1377952755905
"1172",275,"Occupied Palestinian Territory","19","7","0",172.5,"1970",67.9133858267717
"1173",682,"Saudi Arabia","19","7","0",172.3,"1970",67.8346456692913
"1174",792,"Turkey","19","7","0",168.6,"1970",66.3779527559055
"1175",398,"Kazakhstan","19","7","0",171.3,"1970",67.4409448818898
"1176",417,"Kyrgyzstan","19","7","0",170.6,"1970",67.1653543307087
"1177",860,"Uzbekistan","19","7","0",172,"1970",67.7165354330709
"1178",818,"Egypt","19","7","0",171.248,"1970",67.4204724409449
"1179",504,"Morocco","19","7","0",170.239,"1970",67.0232283464567
"1180",788,"Tunisia","19","7","0",165.3,"1970",65.0787401574803
"1181",204,"Benin","19","7","0",170.286,"1970",67.0417322834646
"1182",854,"Burkina Faso","19","7","0",172.844,"1970",68.0488188976378
"1183",384,"Cote d'Ivoire","19","7","0",171.2,"1970",67.4015748031496
"1184",288,"Ghana","19","7","0",169.926,"1970",66.9
"1185",324,"Guinea","19","7","0",169.712,"1970",66.8157480314961
"1186",430,"Liberia","19","7","0",168.472,"1970",66.3275590551181
"1187",466,"Mali","19","7","0",172.503,"1970",67.9145669291339
"1188",562,"Niger","19","7","0",171.35,"1970",67.4606299212598
"1189",566,"Nigeria","19","7","0",169.654,"1970",66.7929133858268
"1190",686,"Senegal","19","7","0",174.736,"1970",68.7937007874016
"1191",694,"Sierra Leone","19","7","0",167.4,"1970",65.9055118110236
"1192",768,"Togo","19","7","0",170.5,"1970",67.1259842519685
"1193",120,"Cameroon","19","7","0",171.585,"1970",67.5531496062992
"1194",140,"Central African Republic","19","7","0",169.9,"1970",66.8897637795276
"1195",148,"Chad","19","7","0",173.8,"1970",68.4251968503937
"1196",178,"Congo","19","7","0",169.036,"1970",66.5496062992126
"1197",180,"Democratic Republic of the Congo","19","7","0",169.049,"1970",66.5547244094488
"1198",266,"Gabon","19","7","0",170.5,"1970",67.1259842519685
"1199",426,"Lesotho","19","7","0",168.535,"1970",66.3523622047244
"1200",516,"Namibia","19","7","0",172.242,"1970",67.811811023622
"1201",710,"South Africa","19","7","0",168.9,"1970",66.496062992126
"1202",748,"Swaziland","19","7","0",170.493,"1970",67.1232283464567
"1203",174,"Comoros","19","7","0",167,"1970",65.748031496063
"1204",232,"Eritrea","19","7","0",156,"1970",61.4173228346457
"1205",230,"Ethiopia (until 1993)","19","7","0",167.49,"1970",65.9409448818898
"1206",231,"Ethiopia (from 1993)","19","7","0",167.49,"1970",65.9409448818898
"1207",404,"Kenya","19","7","0",170.902,"1970",67.2842519685039
"1208",450,"Madagascar","19","7","0",163.884,"1970",64.5212598425197
"1209",454,"Malawi","19","7","0",166.729,"1970",65.6413385826772
"1210",508,"Mozambique","19","7","0",165.547,"1970",65.1759842519685
"1211",646,"Rwanda","19","7","0",167.908,"1970",66.1055118110236
"1212",800,"Uganda","19","7","0",169.612,"1970",66.7763779527559
"1213",834,"United Republic of Tanzania","19","7","0",167.805,"1970",66.0649606299213
"1214",894,"Zambia","19","7","0",168.932,"1970",66.5086614173228
"1215",716,"Zimbabwe","19","7","0",171.34,"1970",67.4566929133858
"1216",40,"Austria","19","8","0",178.8,"1980",70.3937007874016
"1217",280,"Federal Republic of Germany (until 1990)","19","8","0",180.5,"1980",71.0629921259843
"1218",250,"France","19","8","0",176.5,"1980",69.488188976378
"1219",276,"Germany","19","8","0",180.5,"1980",71.0629921259843
"1220",528,"Netherlands","19","8","0",182.7,"1980",71.9291338582677
"1221",208,"Denmark","19","8","0",183.2,"1980",72.1259842519685
"1222",233,"Estonia","19","8","0",179.1,"1980",70.511811023622
"1223",246,"Finland","19","8","0",178.2,"1980",70.1574803149606
"1224",372,"Ireland","19","8","0",176.6,"1980",69.5275590551181
"1225",578,"Norway","19","8","0",179.7,"1980",70.748031496063
"1226",752,"Sweden","19","8","0",180.4,"1980",71.0236220472441
"1227",826,"United Kingdom of Great Britain and Northern Ireland","19","8","0",176.83,"1980",69.6181102362205
"1228",300,"Greece","19","8","0",177.3,"1980",69.8031496062992
"1229",380,"Italy","19","8","0",174.48,"1980",68.6929133858268
"1230",620,"Portugal","19","8","0",172.13,"1980",67.7677165354331
"1231",724,"Spain","19","8","0",175.6,"1980",69.1338582677165
"1232",112,"Belarus","19","8","0",176.4,"1980",69.4488188976378
"1233",616,"Poland","19","8","0",177.4,"1980",69.8425196850394
"1234",498,"Republic of Moldova","19","8","0",174.225,"1980",68.5925196850394
"1235",643,"Russian Federation","19","8","0",177,"1980",69.6850393700787
"1236",124,"Canada","19","8","0",179.6,"1980",70.7086614173228
"1237",840,"United States of America","19","8","0",179,"1980",70.4724409448819
"1238",332,"Haiti","19","8","0",171.494,"1980",67.5173228346457
"1239",388,"Jamaica","19","8","0",173.6,"1980",68.3464566929134
"1240",780,"Trinidad and Tobago","19","8","0",174.4,"1980",68.6614173228347
"1241",188,"Costa Rica","19","8","0",173.6,"1980",68.3464566929134
"1242",320,"Guatemala","19","8","0",160.8,"1980",63.3070866141732
"1243",340,"Honduras","19","8","0",164.663,"1980",64.8279527559055
"1244",484,"Mexico","19","8","0",167.806,"1980",66.0653543307087
"1245",558,"Nicaragua","19","8","0",166.4,"1980",65.511811023622
"1246",591,"Panama","19","8","0",170,"1980",66.9291338582677
"1247",68,"Bolivia (Plurinational State of)","19","8","0",164.191,"1980",64.642125984252
"1248",76,"Brazil","19","8","0",171.7,"1980",67.5984251968504
"1249",152,"Chile","19","8","0",173.1,"1980",68.1496062992126
"1250",170,"Colombia","19","8","0",170.6,"1980",67.1653543307087
"1251",328,"Guyana","19","8","0",170.5,"1980",67.1259842519685
"1252",604,"Peru","19","8","0",164.236,"1980",64.659842519685
"1253",598,"Papua New Guinea","19","8","0",160.9,"1980",63.3464566929134
"1254",50,"Bangladesh","19","8","0",162.377,"1980",63.9279527559055
"1255",356,"India","19","8","0",164.437,"1980",64.7389763779528
"1256",364,"Iran (Islamic Republic of)","19","8","0",172.37,"1980",67.8622047244095
"1257",524,"Nepal","19","8","0",162.953,"1980",64.1547244094488
"1258",144,"Sri Lanka","19","8","0",165.8,"1980",65.2755905511811
"1259",156,"China","19","8","0",171.5,"1980",67.5196850393701
"1260",408,"Democratic People's Republic of Korea","19","8","0",173.8,"1980",68.4251968503937
"1261",392,"Japan","19","8","0",171.66,"1980",67.5826771653543
"1262",410,"Republic of Korea","19","8","0",173.8,"1980",68.4251968503937
"1263",116,"Cambodia","19","8","0",162.453,"1980",63.957874015748
"1264",360,"Indonesia","19","8","0",164.01,"1980",64.5708661417323
"1265",418,"Lao People's Democratic Republic","19","8","0",165.2,"1980",65.0393700787401
"1266",104,"Myanmar","19","8","0",161.3,"1980",63.503937007874
"1267",608,"Philippines","19","8","0",165.6,"1980",65.1968503937008
"1268",704,"Viet Nam","19","8","0",160,"1980",62.992125984252
"1269",51,"Armenia","19","8","0",171.653,"1980",67.5799212598425
"1270",31,"Azerbaijan","19","8","0",172.153,"1980",67.7767716535433
"1271",400,"Jordan","19","8","0",170.29,"1980",67.0433070866142
"1272",784,"United Arab Emirates","19","8","0",169.05,"1980",66.5551181102362
"1273",886,"Yemen (until 1990)","19","8","0",167.6,"1980",65.9842519685039
"1274",887,"Yemen","19","8","0",167.6,"1980",65.9842519685039
"1275",818,"Egypt","19","8","0",171.283,"1980",67.4342519685039
"1276",504,"Morocco","19","8","0",170.29,"1980",67.0433070866142
"1277",204,"Benin","19","8","0",169.163,"1980",66.5996062992126
"1278",854,"Burkina Faso","19","8","0",172.829,"1980",68.0429133858268
"1279",132,"Cape Verde","19","8","0",168.986,"1980",66.5299212598425
"1280",384,"Cote d'Ivoire","19","8","0",171,"1980",67.3228346456693
"1281",288,"Ghana","19","8","0",170.005,"1980",66.9311023622047
"1282",324,"Guinea","19","8","0",169.49,"1980",66.7283464566929
"1283",430,"Liberia","19","8","0",167.264,"1980",65.851968503937
"1284",466,"Mali","19","8","0",172.238,"1980",67.8102362204724
"1285",562,"Niger","19","8","0",170.651,"1980",67.1854330708661
"1286",566,"Nigeria","19","8","0",169.503,"1980",66.7334645669291
"1287",686,"Senegal","19","8","0",174.254,"1980",68.603937007874
"1288",694,"Sierra Leone","19","8","0",165.8,"1980",65.2755905511811
"1289",768,"Togo","19","8","0",167.7,"1980",66.0236220472441
"1290",120,"Cameroon","19","8","0",170.967,"1980",67.309842519685
"1291",148,"Chad","19","8","0",173.3,"1980",68.2283464566929
"1292",178,"Congo","19","8","0",168.369,"1980",66.2870078740157
"1293",180,"Democratic Republic of the Congo","19","8","0",167.542,"1980",65.9614173228346
"1294",266,"Gabon","19","8","0",169.7,"1980",66.8110236220472
"1295",72,"Botswana","19","8","0",167.1,"1980",65.7874015748031
"1296",426,"Lesotho","19","8","0",167.386,"1980",65.9
"1297",516,"Namibia","19","8","0",171.343,"1980",67.457874015748
"1298",710,"South Africa","19","8","0",168.1,"1980",66.1811023622047
"1299",748,"Swaziland","19","8","0",170.238,"1980",67.0228346456693
"1300",262,"Djibouti","19","8","0",168.893,"1980",66.4933070866142
"1301",230,"Ethiopia (until 1993)","19","8","0",167.253,"1980",65.8476377952756
"1302",231,"Ethiopia (from 1993)","19","8","0",167.253,"1980",65.8476377952756
"1303",404,"Kenya","19","8","0",171.221,"1980",67.409842519685
"1304",450,"Madagascar","19","8","0",162.874,"1980",64.1236220472441
"1305",454,"Malawi","19","8","0",166.244,"1980",65.4503937007874
"1306",508,"Mozambique","19","8","0",165.15,"1980",65.0196850393701
"1307",646,"Rwanda","19","8","0",167.162,"1980",65.811811023622
"1308",800,"Uganda","19","8","0",169.274,"1980",66.6433070866142
"1309",834,"United Republic of Tanzania","19","8","0",166.861,"1980",65.6933070866142
"1310",894,"Zambia","19","8","0",168.194,"1980",66.2181102362205
"1311",716,"Zimbabwe","19","8","0",171.004,"1980",67.3244094488189
